updated_at,date,deaths,confirmed,recovered,new_confirmed,new_recovered,new_deaths,active,name,code,population
2022-07-08T04:20:56.000Z,2022-07-08,168864,19157174,0,108386,0,94,18988310,Italy,IT,60340328
2022-07-07T04:20:55.000Z,2022-07-07,168770,19048788,0,110017,0,72,18880018,Italy,IT,60340328
2022-07-06T04:20:58.000Z,2022-07-06,168698,18938771,0,133015,0,94,18770073,Italy,IT,60340328
2022-07-05T04:20:45.000Z,2022-07-05,168604,18805756,0,36885,0,59,18637152,Italy,IT,60340328
2022-07-04T04:20:54.000Z,2022-07-04,168545,18768871,0,72917,0,57,18600326,Italy,IT,60340328
2022-07-03T04:20:59.000Z,2022-07-03,168488,18695954,0,85943,0,63,18527466,Italy,IT,60340328
2022-07-02T04:21:16.000Z,2022-07-02,168425,18610011,0,86900,0,72,18441586,Italy,IT,60340328
2022-07-01T04:21:10.000Z,2022-07-01,168353,18523111,0,84234,0,59,18354758,Italy,IT,60340328
2022-06-30T04:21:01.000Z,2022-06-30,168294,18438877,0,95455,0,60,18270583,Italy,IT,60340328
2022-06-29T04:20:59.000Z,2022-06-29,168234,18343422,0,84161,0,69,18175188,Italy,IT,60340328
2022-06-28T04:20:58.000Z,2022-06-28,168165,18259261,0,25019,0,63,18091096,Italy,IT,60340328
2022-06-27T04:21:00.000Z,2022-06-27,168102,18234242,0,49325,0,44,18066140,Italy,IT,60340328
2022-06-26T04:21:02.000Z,2022-06-26,168058,18184917,0,56873,0,40,18016859,Italy,IT,60340328
2022-06-25T04:20:57.000Z,2022-06-25,168018,18128044,0,56410,0,51,17960026,Italy,IT,60340328
2022-06-24T04:20:58.000Z,2022-06-24,167967,18071634,0,57432,0,75,17903667,Italy,IT,60340328
2022-06-23T04:20:55.000Z,2022-06-23,167892,18014202,0,54873,0,50,17846310,Italy,IT,60340328
2022-06-22T04:20:54.000Z,2022-06-22,167842,17959329,0,63264,0,62,17791487,Italy,IT,60340328
2022-06-21T04:20:56.000Z,2022-06-21,167780,17896065,0,16905,0,59,17728285,Italy,IT,60340328
2022-06-20T04:21:01.000Z,2022-06-20,167721,17879160,0,34255,0,18,17711439,Italy,IT,60340328
2022-06-19T04:20:51.000Z,2022-06-19,167703,17844905,0,34971,0,45,17677202,Italy,IT,60340328
2022-06-18T04:21:10.000Z,2022-06-18,167658,17809934,0,36170,0,41,17642276,Italy,IT,60340328
2022-06-17T04:20:56.000Z,2022-06-17,167617,17773764,0,37068,0,64,17606147,Italy,IT,60340328
2022-06-16T04:20:55.000Z,2022-06-16,167553,17736696,0,32809,0,48,17569143,Italy,IT,60340328
2022-06-15T04:20:54.000Z,2022-06-15,167505,17703887,0,39844,0,73,17536382,Italy,IT,60340328
2022-06-14T04:20:52.000Z,2022-06-14,167432,17664043,0,10668,0,41,17496611,Italy,IT,60340328
2022-06-13T04:21:14.000Z,2022-06-13,167391,17653375,0,19310,0,26,17485984,Italy,IT,60340328
2022-06-12T04:20:53.000Z,2022-06-12,167365,17634065,0,22458,0,60,17466700,Italy,IT,60340328
2022-06-11T04:21:01.000Z,2022-06-11,167305,17611607,0,22012,0,52,17444302,Italy,IT,60340328
2022-06-10T04:20:55.000Z,2022-06-10,167253,17589595,0,23534,0,84,17422342,Italy,IT,60340328
2022-06-09T04:20:54.000Z,2022-06-09,167169,17566061,0,22925,0,80,17398892,Italy,IT,60340328
2022-06-08T04:20:55.000Z,2022-06-08,167089,17543136,0,28547,0,70,17376047,Italy,IT,60340328
2022-06-07T04:21:08.000Z,2022-06-07,167019,17514589,0,8616,0,70,17347570,Italy,IT,60340328
2022-06-06T04:20:57.000Z,2022-06-06,166949,17505973,0,15522,0,27,17339024,Italy,IT,60340328
2022-06-05T04:20:55.000Z,2022-06-05,166922,17490451,0,22809,0,47,17323529,Italy,IT,60340328
2022-06-04T04:20:58.000Z,2022-06-04,166875,17467642,0,9692,0,40,17300767,Italy,IT,60340328
2022-06-03T04:20:58.000Z,2022-06-03,166835,17457950,0,17718,0,79,17291115,Italy,IT,60340328
2022-06-02T05:20:39.000Z,2022-06-02,166756,17440232,0,18822,0,59,17273476,Italy,IT,60340328
2022-06-01T04:20:55.000Z,2022-06-01,166697,17421410,0,24687,0,66,17254713,Italy,IT,60340328
2022-05-31T04:20:51.000Z,2022-05-31,166631,17396723,0,7846,0,62,17230092,Italy,IT,60340328
2022-05-30T04:20:50.000Z,2022-05-30,166569,17388877,0,15136,0,27,17222308,Italy,IT,60340328
2022-05-29T04:20:53.000Z,2022-05-29,166542,17373741,0,18622,0,66,17207199,Italy,IT,60340328
2022-05-28T04:21:07.000Z,2022-05-28,166476,17355119,0,21820,0,118,17188643,Italy,IT,60340328
2022-05-27T04:20:56.000Z,2022-05-27,166358,17333299,0,20867,0,94,17166941,Italy,IT,60340328
2022-05-26T04:20:50.000Z,2022-05-26,166264,17312432,0,24145,0,137,17146168,Italy,IT,60340328
2022-05-25T04:20:56.000Z,2022-05-25,166127,17288287,0,30714,0,95,17122160,Italy,IT,60340328
2022-05-24T04:20:57.000Z,2022-05-24,166032,17257573,0,10021,0,80,17091541,Italy,IT,60340328
2022-05-23T04:20:49.000Z,2022-05-23,165952,17247552,0,18289,0,34,17081600,Italy,IT,60340328
2022-05-22T04:20:52.000Z,2022-05-22,165918,17229263,0,24246,0,91,17063345,Italy,IT,60340328
2022-05-21T04:20:58.000Z,2022-05-21,165827,17205017,0,26818,0,89,17039190,Italy,IT,60340328
2022-05-20T04:20:57.000Z,2022-05-20,165738,17178199,0,30722,0,108,17012461,Italy,IT,60340328
2022-05-19T04:20:54.000Z,2022-05-19,165630,17147477,0,30927,0,136,16981847,Italy,IT,60340328
2022-05-18T04:20:50.000Z,2022-05-18,165494,17116550,0,44901,0,148,16951056,Italy,IT,60340328
2022-05-17T04:20:59.000Z,2022-05-17,165346,17071649,0,13776,0,102,16906303,Italy,IT,60340328
2022-05-16T04:20:47.000Z,2022-05-16,165244,17057873,0,27726,0,62,16892629,Italy,IT,60340328
2022-05-15T04:20:53.000Z,2022-05-15,165182,17030147,0,36334,0,91,16864965,Italy,IT,60340328
2022-05-14T04:20:48.000Z,2022-05-14,165091,16993813,0,39029,0,115,16828722,Italy,IT,60340328
2022-05-13T04:20:51.000Z,2022-05-13,164976,16954784,0,39483,0,130,16789808,Italy,IT,60340328
2022-05-12T04:20:54.000Z,2022-05-12,164846,16915301,0,42683,0,115,16750455,Italy,IT,60340328
2022-05-11T04:20:48.000Z,2022-05-11,164731,16872618,0,56199,0,158,16707887,Italy,IT,60340328
2022-05-10T04:20:50.000Z,2022-05-10,164573,16816419,0,17421,0,84,16651846,Italy,IT,60340328
2022-05-09T04:20:54.000Z,2022-05-09,164489,16798998,0,31225,0,72,16634509,Italy,IT,60340328
2022-05-08T04:20:49.000Z,2022-05-08,164417,16767773,0,40783,0,113,16603356,Italy,IT,60340328
2022-05-07T04:21:09.000Z,2022-05-07,164304,16726990,0,44364,0,125,16562686,Italy,IT,60340328
2022-05-06T04:21:00.000Z,2022-05-06,164179,16682626,0,48715,0,138,16518447,Italy,IT,60340328
2022-05-05T04:20:55.000Z,2022-05-05,164041,16633911,0,47643,0,152,16469870,Italy,IT,60340328
2022-05-04T04:20:59.000Z,2022-05-04,163889,16586268,0,62409,0,153,16422379,Italy,IT,60340328
2022-05-03T04:21:00.000Z,2022-05-03,163736,16523859,0,19068,0,124,16360123,Italy,IT,60340328
2022-05-02T04:21:10.000Z,2022-05-02,163612,16504791,0,41591,0,105,16341179,Italy,IT,60340328
2022-05-01T04:20:57.000Z,2022-05-01,163507,16463200,0,54017,0,130,16299693,Italy,IT,60340328
2022-04-30T04:21:05.000Z,2022-04-30,163377,16409183,0,59395,0,133,16245806,Italy,IT,60340328
2022-04-29T04:20:59.000Z,2022-04-29,163244,16349788,0,70034,0,131,16186544,Italy,IT,60340328
2022-04-28T04:20:47.000Z,2022-04-28,163113,16279754,0,88431,0,186,16116641,Italy,IT,60340328
2022-04-27T04:20:52.000Z,2022-04-27,162927,16191323,0,29984,0,146,16028396,Italy,IT,60340328
2022-04-26T04:20:51.000Z,2022-04-26,162781,16161339,0,25282,0,93,15998558,Italy,IT,60340328
2022-04-25T04:20:56.000Z,2022-04-25,162688,16136057,0,56848,0,79,15973369,Italy,IT,60340328
2022-04-24T04:20:56.000Z,2022-04-24,162609,16079209,0,71028,0,143,15916600,Italy,IT,60340328
2022-04-23T04:20:50.000Z,2022-04-23,162466,16008181,0,73744,0,202,15845715,Italy,IT,60340328
2022-04-22T04:20:45.000Z,2022-04-22,162264,15934437,0,75995,0,166,15772173,Italy,IT,60340328
2022-04-21T04:20:46.000Z,2022-04-21,162098,15858442,0,100440,0,205,15696344,Italy,IT,60340328
2022-04-20T04:20:45.000Z,2022-04-20,161893,15758002,0,27326,0,127,15596109,Italy,IT,60340328
2022-04-19T04:21:00.000Z,2022-04-19,161766,15730676,0,18588,0,79,15568910,Italy,IT,60340328
2022-04-18T04:21:12.000Z,2022-04-18,161687,15712088,0,52253,0,85,15550401,Italy,IT,60340328
2022-04-17T04:20:59.000Z,2022-04-17,161602,15659835,0,64533,0,133,15498233,Italy,IT,60340328
2022-04-16T04:20:48.000Z,2022-04-16,161469,15595302,0,62290,0,133,15433833,Italy,IT,60340328
2022-04-15T04:20:57.000Z,2022-04-15,161336,15533012,0,65617,0,149,15371676,Italy,IT,60340328
2022-04-13T23:21:06.000Z,2022-04-13,161187,15467395,0,146642,0,324,15306208,Italy,IT,60340328
2022-04-12T04:20:49.000Z,2022-04-12,160863,15320753,0,28705,0,115,15159890,Italy,IT,60340328
2022-04-11T04:21:02.000Z,2022-04-11,160748,15292048,0,53920,0,90,15131300,Italy,IT,60340328
2022-04-10T04:20:52.000Z,2022-04-10,160658,15238128,0,64421,0,112,15077470,Italy,IT,60340328
2022-04-09T04:20:42.000Z,2022-04-09,160546,15173707,0,67641,0,144,15013161,Italy,IT,60340328
2022-04-08T04:20:48.000Z,2022-04-08,160402,15106066,0,70123,0,149,14945664,Italy,IT,60340328
2022-04-07T04:20:53.000Z,2022-04-07,160253,15035943,0,69885,0,150,14875690,Italy,IT,60340328
2022-04-06T04:20:49.000Z,2022-04-06,160103,14966058,0,88914,0,194,14805955,Italy,IT,60340328
2022-04-05T04:20:48.000Z,2022-04-05,159909,14877144,0,31329,0,125,14717235,Italy,IT,60340328
2022-04-04T04:20:51.000Z,2022-04-04,159784,14845815,0,55009,0,118,14686031,Italy,IT,60340328
2022-04-03T04:20:48.000Z,2022-04-03,159666,14790806,0,71412,0,129,14631140,Italy,IT,60340328
2022-04-02T04:20:47.000Z,2022-04-02,159537,14719394,0,77040,0,154,14559857,Italy,IT,60340328
2022-04-01T04:20:28.000Z,2022-04-01,159383,14642354,0,74364,0,159,14482971,Italy,IT,60340328
2022-03-31T04:20:56.000Z,2022-03-31,159224,14567990,0,71411,0,170,14408766,Italy,IT,60340328
2022-03-30T04:20:45.000Z,2022-03-30,159054,14496579,0,100296,0,177,14337525,Italy,IT,60340328
2022-03-29T04:20:46.000Z,2022-03-29,158877,14396283,0,31560,0,95,14237406,Italy,IT,60340328
2022-03-28T04:20:33.000Z,2022-03-28,158782,14364723,0,60612,0,82,14205941,Italy,IT,60340328
2022-03-27T04:20:47.000Z,2022-03-27,158700,14304111,0,74616,0,118,14145411,Italy,IT,60340328
2022-03-26T04:20:23.000Z,2022-03-26,158582,14229495,0,76397,0,146,14070913,Italy,IT,60340328
2022-03-25T04:20:46.000Z,2022-03-25,158436,14153098,0,82648,0,182,13994662,Italy,IT,60340328
2022-03-24T04:20:43.000Z,2022-03-24,158254,14070450,0,78358,0,153,13912196,Italy,IT,60340328
2022-03-23T04:20:48.000Z,2022-03-23,158101,13992092,0,96904,0,197,13833991,Italy,IT,60340328
2022-03-22T04:20:54.000Z,2022-03-22,157904,13895188,0,33445,0,119,13737284,Italy,IT,60340328
2022-03-21T04:20:50.000Z,2022-03-21,157785,13861743,0,61564,0,93,13703958,Italy,IT,60340328
2022-03-20T04:20:45.000Z,2022-03-20,157692,13800179,0,75768,0,85,13642487,Italy,IT,60340328
2022-03-19T04:20:47.000Z,2022-03-19,157607,13724411,0,78577,0,165,13566804,Italy,IT,60340328
2022-03-18T04:20:55.000Z,2022-03-18,157442,13645834,0,82368,0,128,13488392,Italy,IT,60340328
2022-03-17T04:20:56.000Z,2022-03-17,157314,13563466,0,74147,0,137,13406152,Italy,IT,60340328
2022-03-16T04:20:50.000Z,2022-03-16,157177,13489319,0,86414,0,180,13332142,Italy,IT,60340328
2022-03-15T04:20:47.000Z,2022-03-15,156997,13402905,0,29698,0,129,13245908,Italy,IT,60340328
2022-03-14T04:20:46.000Z,2022-03-14,156868,13373207,0,50028,0,86,13216339,Italy,IT,60340328
2022-03-13T04:20:49.000Z,2022-03-13,156782,13323179,0,54720,0,133,13166397,Italy,IT,60340328
2022-03-12T04:20:50.000Z,2022-03-12,156649,13268459,0,53961,0,156,13111810,Italy,IT,60340328
2022-03-11T04:20:50.000Z,2022-03-11,156493,13214498,0,55156,0,136,13058005,Italy,IT,60340328
2022-03-10T04:20:48.000Z,2022-03-10,156357,13159342,0,49815,0,156,13002985,Italy,IT,60340328
2022-03-09T04:20:59.000Z,2022-03-09,156201,13109527,0,60753,0,184,12953326,Italy,IT,60340328
2022-03-08T04:20:54.000Z,2022-03-08,156017,13048774,0,22662,0,130,12892757,Italy,IT,60340328
2022-03-07T04:20:47.000Z,2022-03-07,155887,13026112,0,35889,0,105,12870225,Italy,IT,60340328
2022-03-06T04:20:49.000Z,2022-03-06,155782,12990223,0,41364,0,173,12834441,Italy,IT,60340328
2022-03-05T04:21:10.000Z,2022-03-05,155609,12948859,0,38353,0,210,12793250,Italy,IT,60340328
2022-03-04T04:21:09.000Z,2022-03-04,155399,12910506,0,42588,0,185,12755107,Italy,IT,60340328
2022-03-03T04:21:01.000Z,2022-03-03,155214,12867918,0,37946,0,214,12712704,Italy,IT,60340328
2022-03-02T04:21:07.000Z,2022-03-02,155000,12829972,0,47136,0,233,12674972,Italy,IT,60340328
2022-03-01T04:21:09.000Z,2022-03-01,154767,12782836,0,18278,0,207,12628069,Italy,IT,60340328
2022-02-28T04:21:05.000Z,2022-02-28,154560,12764558,0,31878,0,144,12609998,Italy,IT,60340328
2022-02-27T04:21:04.000Z,2022-02-27,154416,12732680,0,39360,0,210,12578264,Italy,IT,60340328
2022-02-26T04:21:12.000Z,2022-02-26,154206,12693320,0,42069,0,193,12539114,Italy,IT,60340328
2022-02-25T04:21:11.000Z,2022-02-25,154013,12651251,0,47493,0,249,12497238,Italy,IT,60340328
2022-02-24T04:21:14.000Z,2022-02-24,153764,12603758,0,49162,0,252,12449994,Italy,IT,60340328
2022-02-23T04:21:09.000Z,2022-02-23,153512,12554596,0,60137,0,322,12401084,Italy,IT,60340328
2022-02-22T04:21:01.000Z,2022-02-22,153190,12494459,0,24484,0,201,12341269,Italy,IT,60340328
2022-02-21T04:21:05.000Z,2022-02-21,152989,12469975,0,42202,0,141,12316986,Italy,IT,60340328
2022-02-20T04:21:00.000Z,2022-02-20,152848,12427773,0,50675,0,252,12274925,Italy,IT,60340328
2022-02-19T04:21:11.000Z,2022-02-19,152596,12377098,0,53700,0,314,12224502,Italy,IT,60340328
2022-02-18T04:21:04.000Z,2022-02-18,152282,12323398,0,58055,0,320,12171116,Italy,IT,60340328
2022-02-17T04:20:56.000Z,2022-02-17,151962,12265343,0,59869,0,278,12113381,Italy,IT,60340328
2022-02-16T04:21:10.000Z,2022-02-16,151684,12205474,0,71023,0,388,12053790,Italy,IT,60340328
2022-02-15T04:21:09.000Z,2022-02-15,151296,12134451,0,28776,0,281,11983155,Italy,IT,60340328
2022-02-14T04:20:51.000Z,2022-02-14,151015,12105675,0,52345,0,191,11954660,Italy,IT,60340328
2022-02-13T04:21:00.000Z,2022-02-13,150824,12053330,0,62221,0,269,11902506,Italy,IT,60340328
2022-02-12T04:21:06.000Z,2022-02-12,150555,11991109,0,67478,0,334,11840554,Italy,IT,60340328
2022-02-11T04:21:09.000Z,2022-02-11,150221,11923631,0,76195,0,325,11773410,Italy,IT,60340328
2022-02-10T04:21:14.000Z,2022-02-10,149896,11847436,0,81669,0,384,11697540,Italy,IT,60340328
2022-02-09T04:21:04.000Z,2022-02-09,149512,11765767,0,102429,0,415,11616255,Italy,IT,60340328
2022-02-08T04:21:15.000Z,2022-02-08,149097,11663338,0,41602,0,326,11514241,Italy,IT,60340328
2022-02-07T04:21:05.000Z,2022-02-07,148771,11621736,0,78943,0,229,11472965,Italy,IT,60340328
2022-02-06T04:21:00.000Z,2022-02-06,148542,11542793,0,93192,0,375,11394251,Italy,IT,60340328
2022-02-05T04:21:05.000Z,2022-02-05,148167,11449601,0,100900,0,433,11301434,Italy,IT,60340328
2022-02-04T04:21:10.000Z,2022-02-04,147734,11348701,0,112956,0,414,11200967,Italy,IT,60340328
2022-02-03T04:21:21.000Z,2022-02-03,147320,11235745,0,119323,0,395,11088425,Italy,IT,60340328
2022-02-02T04:21:09.000Z,2022-02-02,146925,11116422,0,133306,0,427,10969497,Italy,IT,60340328
2022-02-01T04:21:11.000Z,2022-02-01,146498,10983116,0,57631,0,349,10836618,Italy,IT,60340328
2022-01-31T04:21:09.000Z,2022-01-31,146149,10925485,0,104110,0,235,10779336,Italy,IT,60340328
2022-01-30T04:21:26.000Z,2022-01-30,145914,10821375,0,137427,0,377,10675461,Italy,IT,60340328
2022-01-29T04:21:10.000Z,2022-01-29,145537,10683948,0,144347,0,378,10538411,Italy,IT,60340328
2022-01-28T04:21:09.000Z,2022-01-28,145159,10539601,0,156040,0,389,10394442,Italy,IT,60340328
2022-01-27T04:21:19.000Z,2022-01-27,144770,10383561,0,170940,0,427,10238791,Italy,IT,60340328
2022-01-26T04:21:07.000Z,2022-01-26,144343,10212621,0,211277,0,468,10068278,Italy,IT,60340328
2022-01-25T04:21:05.000Z,2022-01-25,143875,10001344,0,77666,0,352,9857469,Italy,IT,60340328
2022-01-24T04:21:12.000Z,2022-01-24,143523,9923678,0,142487,0,227,9780155,Italy,IT,60340328
2022-01-23T04:21:13.000Z,2022-01-23,143296,9781191,0,177335,0,333,9637895,Italy,IT,60340328
2022-01-22T04:21:13.000Z,2022-01-22,142963,9603856,0,185600,0,373,9460893,Italy,IT,60340328
2022-01-21T04:21:09.000Z,2022-01-21,142590,9418256,0,198865,0,385,9275666,Italy,IT,60340328
2022-01-20T04:21:07.000Z,2022-01-20,142205,9219391,0,200966,0,380,9077186,Italy,IT,60340328
2022-01-19T04:21:23.000Z,2022-01-19,141825,9018425,0,228123,0,434,8876600,Italy,IT,60340328
2022-01-18T04:21:04.000Z,2022-01-18,141391,8790302,0,83387,0,287,8648911,Italy,IT,60340328
2022-01-17T04:21:08.000Z,2022-01-17,141104,8706915,0,157465,0,248,8565811,Italy,IT,60340328
2022-01-16T04:21:12.000Z,2022-01-16,140856,8549450,0,192936,0,308,8408594,Italy,IT,60340328
2022-01-15T04:21:07.000Z,2022-01-15,140548,8356514,0,200869,0,360,8215966,Italy,IT,60340328
2022-01-14T04:21:54.000Z,2022-01-14,140188,8155645,0,184577,0,316,8015457,Italy,IT,60340328
2022-01-13T08:00:09.000Z,2022-01-13,139872,7971068,0,196205,0,313,7831196,Italy,IT,60340328
2022-01-12T04:21:44.000Z,2022-01-12,139559,7774863,0,220519,0,294,7635304,Italy,IT,60340328
2022-01-11T04:22:01.000Z,2022-01-11,139265,7554344,0,117405,0,227,7415079,Italy,IT,60340328
2022-01-10T04:22:07.000Z,2022-01-10,139038,7436939,0,155642,0,157,7297901,Italy,IT,60340328
2022-01-09T04:21:46.000Z,2022-01-09,138881,7281297,0,197535,0,184,7142416,Italy,IT,60340328
2022-01-08T04:21:53.000Z,2022-01-08,138697,7083762,0,108297,0,223,6945065,Italy,IT,60340328
2022-01-07T04:22:09.000Z,2022-01-07,138474,6975465,0,219430,0,198,6836991,Italy,IT,60340328
2022-01-06T04:22:09.000Z,2022-01-06,138276,6756035,0,189088,0,231,6617759,Italy,IT,60340328
2022-01-05T04:21:59.000Z,2022-01-05,138045,6566947,0,170837,0,259,6428902,Italy,IT,60340328
2022-01-04T04:22:17.000Z,2022-01-04,137786,6396110,0,68034,0,140,6258324,Italy,IT,60340328
2022-01-03T02:22:25.000Z,2022-01-03,137646,6328076,0,61137,0,133,6190430,Italy,IT,60340328
2022-01-02T04:20:52.000Z,2022-01-02,137513,6266939,0,141256,0,111,6129426,Italy,IT,60340328
2022-01-01T04:22:14.000Z,2022-01-01,137402,6125683,0,144255,0,155,5988281,Italy,IT,60340328
2021-12-31T04:21:50.000Z,2021-12-31,137247,5981428,0,127000,0,156,5844181,Italy,IT,60340328
2021-12-30T04:21:25.000Z,2021-12-30,137091,5854428,0,98016,0,136,5717337,Italy,IT,60340328
2021-12-29T03:21:43.000Z,2021-12-29,136955,5756412,0,78300,0,202,5619457,Italy,IT,60340328
2021-12-28T04:21:47.000Z,2021-12-28,136753,5678112,0,30799,0,142,5541359,Italy,IT,60340328
2021-12-27T04:21:58.000Z,2021-12-27,136611,5647313,0,24882,0,81,5510702,Italy,IT,60340328
2021-12-26T04:21:50.000Z,2021-12-26,136530,5622431,0,54787,0,144,5485901,Italy,IT,60340328
2021-12-25T04:21:37.000Z,2021-12-25,136386,5567644,0,50590,0,141,5431258,Italy,IT,60340328
2021-12-24T04:21:34.000Z,2021-12-24,136245,5517054,0,44585,0,168,5380809,Italy,IT,60340328
2021-12-23T04:21:21.000Z,2021-12-23,136077,5472469,0,36326,0,146,5336392,Italy,IT,60340328
2021-12-22T04:21:54.000Z,2021-12-22,135931,5436143,0,30783,0,153,5300212,Italy,IT,60340328
2021-12-21T03:21:27.000Z,2021-12-21,135778,5405360,0,16205,0,137,5269582,Italy,IT,60340328
2021-12-20T04:21:43.000Z,2021-12-20,135641,5389155,0,24303,0,97,5253514,Italy,IT,60340328
2021-12-19T04:21:11.000Z,2021-12-19,135544,5364852,0,28057,0,123,5229308,Italy,IT,60340328
2021-12-18T02:22:20.000Z,2021-12-18,135421,5336795,0,28615,0,120,5201374,Italy,IT,60340328
2021-12-17T04:22:14.000Z,2021-12-17,135301,5308180,0,26104,0,123,5172879,Italy,IT,60340328
2021-12-16T04:22:11.000Z,2021-12-16,135178,5282076,0,23190,0,129,5146898,Italy,IT,60340328
2021-12-15T03:22:16.000Z,2021-12-15,135049,5258886,0,20665,0,120,5123837,Italy,IT,60340328
2021-12-14T04:22:38.000Z,2021-12-14,134929,5238221,0,12704,0,98,5103292,Italy,IT,60340328
2021-12-13T04:22:02.000Z,2021-12-13,134831,5225517,0,19212,0,66,5090686,Italy,IT,60340328
2021-12-12T04:22:12.000Z,2021-12-12,134765,5206305,0,21035,0,96,5071540,Italy,IT,60340328
2021-12-11T04:22:45.000Z,2021-12-11,134669,5185270,0,20490,0,118,5050601,Italy,IT,60340328
2021-12-10T04:22:28.000Z,2021-12-10,134551,5164780,0,12516,0,79,5030229,Italy,IT,60340328
2021-12-09T04:22:49.000Z,2021-12-09,134472,5152264,0,17946,0,86,5017792,Italy,IT,60340328
2021-12-08T04:22:46.000Z,2021-12-08,134386,5134318,0,15742,0,99,4999932,Italy,IT,60340328
2021-12-07T04:22:34.000Z,2021-12-07,134287,5118576,0,9494,0,92,4984289,Italy,IT,60340328
2021-12-06T04:22:34.000Z,2021-12-06,134195,5109082,0,15010,0,43,4974887,Italy,IT,60340328
2021-12-05T04:22:25.000Z,2021-12-05,134152,5094072,0,16627,0,75,4959920,Italy,IT,60340328
2021-12-04T04:22:18.000Z,2021-12-04,134077,5077445,0,17015,0,74,4943368,Italy,IT,60340328
2021-12-03T04:23:05.000Z,2021-12-03,134003,5060430,0,16810,0,72,4926427,Italy,IT,60340328
2021-12-02T04:22:37.000Z,2021-12-02,133931,5043620,0,15073,0,103,4909689,Italy,IT,60340328
2021-12-01T04:22:29.000Z,2021-12-01,133828,5028547,0,12757,0,89,4894719,Italy,IT,60340328
2021-11-30T04:22:53.000Z,2021-11-30,133739,5015790,0,7972,0,65,4882051,Italy,IT,60340328
2021-11-29T04:22:30.000Z,2021-11-29,133674,5007818,0,12927,0,47,4874144,Italy,IT,60340328
2021-11-28T04:22:43.000Z,2021-11-28,133627,4994891,0,12869,0,90,4861264,Italy,IT,60340328
2021-11-27T04:22:45.000Z,2021-11-27,133537,4982022,0,13681,0,51,4848485,Italy,IT,60340328
2021-11-26T04:22:33.000Z,2021-11-26,133486,4968341,0,13756,0,71,4834855,Italy,IT,60340328
2021-11-25T04:22:33.000Z,2021-11-25,133415,4954585,0,12450,0,85,4821170,Italy,IT,60340328
2021-11-24T04:22:14.000Z,2021-11-24,133330,4942135,0,10044,0,83,4808805,Italy,IT,60340328
2021-11-23T04:22:39.000Z,2021-11-23,133247,4932091,0,6403,0,70,4798844,Italy,IT,60340328
2021-11-22T04:22:20.000Z,2021-11-22,133177,4925688,0,9707,0,46,4792511,Italy,IT,60340328
2021-11-21T04:22:13.000Z,2021-11-21,133131,4915981,0,11540,0,49,4782850,Italy,IT,60340328
2021-11-20T04:22:17.000Z,2021-11-20,133082,4904441,0,10554,0,48,4771359,Italy,IT,60340328
2021-11-19T04:21:40.000Z,2021-11-19,133034,4893887,0,10645,0,69,4760853,Italy,IT,60340328
2021-11-18T04:21:33.000Z,2021-11-18,132965,4883242,0,10167,0,72,4750277,Italy,IT,60340328
2021-11-17T04:21:48.000Z,2021-11-17,132893,4873075,0,7815,0,74,4740182,Italy,IT,60340328
2021-11-16T04:21:10.000Z,2021-11-16,132819,4865260,0,5199,0,44,4732441,Italy,IT,60340328
2021-11-15T04:21:36.000Z,2021-11-15,132775,4860061,0,7565,0,36,4727286,Italy,IT,60340328
2021-11-14T04:21:31.000Z,2021-11-14,132739,4852496,0,8539,0,53,4719757,Italy,IT,60340328
2021-11-13T04:21:38.000Z,2021-11-13,132686,4843957,0,8522,0,68,4711271,Italy,IT,60340328
2021-11-12T04:22:01.000Z,2021-11-12,132618,4835435,0,8697,0,67,4702817,Italy,IT,60340328
2021-11-11T04:21:45.000Z,2021-11-11,132551,4826738,0,8033,0,60,4694187,Italy,IT,60340328
2021-11-10T04:21:38.000Z,2021-11-10,132491,4818705,0,6111,0,68,4686214,Italy,IT,60340328
2021-11-09T04:21:36.000Z,2021-11-09,132423,4812594,0,4547,0,32,4680171,Italy,IT,60340328
2021-11-08T04:21:43.000Z,2021-11-08,132391,4808047,0,5822,0,26,4675656,Italy,IT,60340328
2021-11-07T04:21:53.000Z,2021-11-07,132365,4802225,0,6760,0,31,4669860,Italy,IT,60340328
2021-11-06T04:21:51.000Z,2021-11-06,132334,4795465,0,6761,0,51,4663131,Italy,IT,60340328
2021-11-05T04:21:54.000Z,2021-11-05,132283,4788704,0,5902,0,59,4656421,Italy,IT,60340328
2021-11-04T04:22:20.000Z,2021-11-04,132224,4782802,0,5188,0,63,4650578,Italy,IT,60340328
2021-11-03T06:22:09.000Z,2021-11-03,132161,4777614,0,2831,0,41,4645453,Italy,IT,60340328
2021-11-02T04:22:03.000Z,2021-11-02,132120,4774783,0,2818,0,20,4642663,Italy,IT,60340328
2021-11-01T04:22:01.000Z,2021-11-01,132100,4771965,0,4525,0,26,4639865,Italy,IT,60340328
2021-10-31T04:22:08.000Z,2021-10-31,132074,4767440,0,4877,0,37,4635366,Italy,IT,60340328
2021-10-30T04:22:03.000Z,2021-10-30,132037,4762563,0,5332,0,33,4630526,Italy,IT,60340328
2021-10-29T04:22:03.000Z,2021-10-29,132004,4757231,0,4863,0,50,4625227,Italy,IT,60340328
2021-10-28T04:22:08.000Z,2021-10-28,131954,4752368,0,4595,0,50,4620414,Italy,IT,60340328
2021-10-27T04:22:32.000Z,2021-10-27,131904,4747773,0,4053,0,48,4615869,Italy,IT,60340328
2021-10-26T04:22:09.000Z,2021-10-26,131856,4743720,0,2535,0,30,4611864,Italy,IT,60340328
2021-10-25T04:22:31.000Z,2021-10-25,131826,4741185,0,3723,0,24,4609359,Italy,IT,60340328
2021-10-24T04:21:22.000Z,2021-10-24,131802,4737462,0,3905,0,39,4605660,Italy,IT,60340328
2021-10-23T04:21:32.000Z,2021-10-23,131763,4733557,0,3879,0,39,4601794,Italy,IT,60340328
2021-10-22T04:21:14.000Z,2021-10-22,131724,4729678,0,3791,0,36,4597954,Italy,IT,60340328
2021-10-21T04:21:18.000Z,2021-10-21,131688,4725887,0,3699,0,33,4594199,Italy,IT,60340328
2021-10-20T04:21:00.000Z,2021-10-20,131655,4722188,0,2695,0,70,4590533,Italy,IT,60340328
2021-10-19T04:20:54.000Z,2021-10-19,131585,4719493,0,1594,0,44,4587908,Italy,IT,60340328
2021-10-18T04:21:10.000Z,2021-10-18,131541,4717899,0,2435,0,24,4586358,Italy,IT,60340328
2021-10-17T04:21:29.000Z,2021-10-17,131517,4715464,0,2982,0,14,4583947,Italy,IT,60340328
2021-10-16T04:21:15.000Z,2021-10-16,131503,4712482,0,2729,0,42,4580979,Italy,IT,60340328
2021-10-15T04:21:26.000Z,2021-10-15,131461,4709753,0,2666,0,40,4578292,Italy,IT,60340328
2021-10-14T04:21:29.000Z,2021-10-14,131421,4707087,0,2769,0,37,4575666,Italy,IT,60340328
2021-10-13T04:20:51.000Z,2021-10-13,131384,4704318,0,2486,0,49,4572934,Italy,IT,60340328
2021-10-12T04:21:09.000Z,2021-10-12,131335,4701832,0,1516,0,34,4570497,Italy,IT,60340328
2021-10-11T04:21:31.000Z,2021-10-11,131301,4700316,0,2278,0,27,4569015,Italy,IT,60340328
2021-10-10T04:21:38.000Z,2021-10-10,131274,4698038,0,2747,0,46,4566764,Italy,IT,60340328
2021-10-09T04:21:34.000Z,2021-10-09,131228,4695291,0,3017,0,30,4564063,Italy,IT,60340328
2021-10-08T04:21:25.000Z,2021-10-08,131198,4692274,0,2933,0,41,4561076,Italy,IT,60340328
2021-10-07T04:21:36.000Z,2021-10-07,131157,4689341,0,3232,0,39,4558184,Italy,IT,60340328
2021-10-06T04:21:33.000Z,2021-10-06,131118,4686109,0,2463,0,50,4554991,Italy,IT,60340328
2021-10-05T04:21:27.000Z,2021-10-05,131068,4683646,0,1612,0,37,4552578,Italy,IT,60340328
2021-10-04T04:21:31.000Z,2021-10-04,131031,4682034,0,2967,0,33,4551003,Italy,IT,60340328
2021-10-03T04:21:24.000Z,2021-10-03,130998,4679067,0,3309,0,25,4548069,Italy,IT,60340328
2021-10-02T04:21:25.000Z,2021-10-02,130973,4675758,0,3403,0,52,4544785,Italy,IT,60340328
2021-10-01T04:21:35.000Z,2021-10-01,130921,4672355,0,4094,0,51,4541434,Italy,IT,60340328
2021-09-30T04:21:20.000Z,2021-09-30,130870,4668261,0,3212,0,63,4537391,Italy,IT,60340328
2021-09-29T04:21:45.000Z,2021-09-29,130807,4665049,0,2962,0,65,4534242,Italy,IT,60340328
2021-09-28T04:21:28.000Z,2021-09-28,130742,4662087,0,1773,0,45,4531345,Italy,IT,60340328
2021-09-27T04:21:16.000Z,2021-09-27,130697,4660314,0,3099,0,44,4529617,Italy,IT,60340328
2021-09-26T04:21:29.000Z,2021-09-26,130653,4657215,0,3519,0,50,4526562,Italy,IT,60340328
2021-09-25T04:21:31.000Z,2021-09-25,130603,4653696,0,3790,0,52,4523093,Italy,IT,60340328
2021-09-24T04:21:44.000Z,2021-09-24,130551,4649906,0,4053,0,63,4519355,Italy,IT,60340328
2021-09-23T04:21:43.000Z,2021-09-23,130488,4645853,0,3963,0,67,4515365,Italy,IT,60340328
2021-09-22T04:21:45.000Z,2021-09-22,130421,4641890,0,3374,0,67,4511469,Italy,IT,60340328
2021-09-21T04:21:26.000Z,2021-09-21,130354,4638516,0,2405,0,44,4508162,Italy,IT,60340328
2021-09-20T04:21:22.000Z,2021-09-20,130310,4636111,0,3836,0,26,4505801,Italy,IT,60340328
2021-09-19T04:21:34.000Z,2021-09-19,130284,4632275,0,4576,0,51,4501991,Italy,IT,60340328
2021-09-18T04:21:24.000Z,2021-09-18,130233,4627699,0,4544,0,66,4497466,Italy,IT,60340328
2021-09-17T04:21:46.000Z,2021-09-17,130167,4623155,0,5115,0,67,4492988,Italy,IT,60340328
2021-09-16T04:22:19.000Z,2021-09-16,130100,4618040,0,4826,0,73,4487940,Italy,IT,60340328
2021-09-15T03:22:37.000Z,2021-09-15,130027,4613214,0,4009,0,72,4483187,Italy,IT,60340328
2021-09-14T04:21:41.000Z,2021-09-14,129955,4609205,0,2792,0,36,4479250,Italy,IT,60340328
2021-09-13T04:21:15.000Z,2021-09-13,129919,4606413,0,4664,0,34,4476494,Italy,IT,60340328
2021-09-12T04:21:13.000Z,2021-09-12,129885,4601749,0,5191,0,57,4471864,Italy,IT,60340328
2021-09-11T04:21:30.000Z,2021-09-11,129828,4596558,0,5617,0,62,4466730,Italy,IT,60340328
2021-09-10T04:21:20.000Z,2021-09-10,129766,4590941,0,5518,0,59,4461175,Italy,IT,60340328
2021-09-09T04:21:27.000Z,2021-09-09,129707,4585423,0,5921,0,69,4455716,Italy,IT,60340328
2021-09-08T04:21:31.000Z,2021-09-08,129638,4579502,0,4715,0,71,4449864,Italy,IT,60340328
2021-09-07T04:21:35.000Z,2021-09-07,129567,4574787,0,3347,0,52,4445220,Italy,IT,60340328
2021-09-06T04:21:22.000Z,2021-09-06,129515,4571440,0,5314,0,49,4441925,Italy,IT,60340328
2021-09-05T04:21:33.000Z,2021-09-05,129466,4566126,0,6156,0,56,4436660,Italy,IT,60340328
2021-09-04T04:21:28.000Z,2021-09-04,129410,4559970,0,6729,0,58,4430560,Italy,IT,60340328
2021-09-03T04:21:20.000Z,2021-09-03,129352,4553241,0,6754,0,62,4423889,Italy,IT,60340328
2021-09-02T04:21:15.000Z,2021-09-02,129290,4546487,0,6496,0,69,4417197,Italy,IT,60340328
2021-09-01T04:21:38.000Z,2021-09-01,129221,4539991,0,5492,0,75,4410770,Italy,IT,60340328
2021-08-31T04:21:46.000Z,2021-08-31,129146,4534499,0,4253,0,53,4405353,Italy,IT,60340328
2021-08-30T04:21:23.000Z,2021-08-30,129093,4530246,0,5954,0,37,4401153,Italy,IT,60340328
2021-08-29T04:21:14.000Z,2021-08-29,129056,4524292,0,6858,0,54,4395236,Italy,IT,60340328
2021-08-28T04:21:28.000Z,2021-08-28,129002,4517434,0,7823,0,45,4388432,Italy,IT,60340328
2021-08-27T04:21:37.000Z,2021-08-27,128957,4509611,0,7215,0,43,4380654,Italy,IT,60340328
2021-08-26T04:21:28.000Z,2021-08-26,128914,4502396,0,7539,0,59,4373482,Italy,IT,60340328
2021-08-25T04:21:41.000Z,2021-08-25,128855,4494857,0,6078,0,60,4366002,Italy,IT,60340328
2021-08-24T04:21:19.000Z,2021-08-24,128795,4488779,0,4166,0,44,4359984,Italy,IT,60340328
2021-08-23T04:21:27.000Z,2021-08-23,128751,4484613,0,5922,0,23,4355862,Italy,IT,60340328
2021-08-22T04:21:29.000Z,2021-08-22,128728,4478691,0,7466,0,45,4349963,Italy,IT,60340328
2021-08-21T04:21:38.000Z,2021-08-21,128683,4471225,0,7220,0,49,4342542,Italy,IT,60340328
2021-08-20T04:21:33.000Z,2021-08-20,128634,4464005,0,7240,0,55,4335371,Italy,IT,60340328
2021-08-19T04:21:15.000Z,2021-08-19,128579,4456765,0,7159,0,69,4328186,Italy,IT,60340328
2021-08-18T04:21:35.000Z,2021-08-18,128510,4449606,0,5268,0,54,4321096,Italy,IT,60340328
2021-08-17T04:21:49.000Z,2021-08-17,128456,4444338,0,3669,0,24,4315882,Italy,IT,60340328
2021-08-16T04:21:31.000Z,2021-08-16,128432,4440669,0,5661,0,19,4312237,Italy,IT,60340328
2021-08-15T04:21:41.000Z,2021-08-15,128413,4435008,0,7181,0,34,4306595,Italy,IT,60340328
2021-08-14T04:21:25.000Z,2021-08-14,128379,4427827,0,7398,0,45,4299448,Italy,IT,60340328
2021-08-13T04:21:24.000Z,2021-08-13,128334,4420429,0,7267,0,30,4292095,Italy,IT,60340328
2021-08-12T04:21:25.000Z,2021-08-12,128304,4413162,0,6921,0,31,4284858,Italy,IT,60340328
2021-08-11T04:21:58.000Z,2021-08-11,128273,4406241,0,5624,0,31,4277968,Italy,IT,60340328
2021-08-10T04:21:27.000Z,2021-08-10,128242,4400617,0,4200,0,22,4272375,Italy,IT,60340328
2021-08-09T04:21:24.000Z,2021-08-09,128220,4396417,0,5733,0,11,4268197,Italy,IT,60340328
2021-08-08T04:21:33.000Z,2021-08-08,128209,4390684,0,6897,0,22,4262475,Italy,IT,60340328
2021-08-07T04:21:30.000Z,2021-08-07,128187,4383787,0,6599,0,24,4255600,Italy,IT,60340328
2021-08-06T04:21:18.000Z,2021-08-06,128163,4377188,0,7224,0,27,4249025,Italy,IT,60340328
2021-08-05T04:21:51.000Z,2021-08-05,128136,4369964,4144608,6590,3565,21,97220,Italy,IT,60340328
2021-08-04T04:21:25.000Z,2021-08-04,128115,4363374,4141043,4841,3615,27,94216,Italy,IT,60340328
2021-08-03T04:21:39.000Z,2021-08-03,128088,4358533,4137428,3185,1498,20,93017,Italy,IT,60340328
2021-08-02T04:21:36.000Z,2021-08-02,128068,4355348,4135930,5320,1250,5,91350,Italy,IT,60340328
2021-08-01T04:21:50.000Z,2021-08-01,128063,4350028,4134680,6509,2170,16,87285,Italy,IT,60340328
2021-07-31T04:21:35.000Z,2021-07-31,128047,4343519,4132510,6613,2117,18,82962,Italy,IT,60340328
2021-07-30T04:21:34.000Z,2021-07-30,128029,4336906,4130393,6167,1825,19,78484,Italy,IT,60340328
2021-07-29T04:21:33.000Z,2021-07-29,128010,4330739,4128568,5693,1827,15,74161,Italy,IT,60340328
2021-07-28T04:21:39.000Z,2021-07-28,127995,4325046,4126741,4516,2418,24,70310,Italy,IT,60340328
2021-07-27T04:21:18.000Z,2021-07-27,127971,4320530,4124323,3115,1114,22,68236,Italy,IT,60340328
2021-07-26T04:21:28.000Z,2021-07-26,127949,4317415,4123209,4742,1001,7,66257,Italy,IT,60340328
2021-07-25T04:22:12.000Z,2021-07-25,127942,4312673,4122208,5138,1362,5,62523,Italy,IT,60340328
2021-07-24T00:21:36.000Z,2021-07-24,127937,4307535,4120846,5142,1239,17,58752,Italy,IT,60340328
2021-07-23T04:21:29.000Z,2021-07-23,127920,4302393,4119607,5056,1483,15,54866,Italy,IT,60340328
2021-07-22T04:21:19.000Z,2021-07-22,127905,4297337,4118124,4254,2235,21,51308,Italy,IT,60340328
2021-07-21T04:21:40.000Z,2021-07-21,127884,4293083,4115889,3555,1760,10,49310,Italy,IT,60340328
2021-07-20T04:21:48.000Z,2021-07-20,127874,4289528,4114129,2070,651,7,47525,Italy,IT,60340328
2021-07-19T04:21:24.000Z,2021-07-19,127867,4287458,4113478,3126,501,3,46113,Italy,IT,60340328
2021-07-18T04:22:07.000Z,2021-07-18,127864,4284332,4112977,3118,2328,13,43491,Italy,IT,60340328
2021-07-17T04:22:22.000Z,2021-07-17,127851,4281214,4110649,2895,1070,11,42714,Italy,IT,60340328
2021-07-16T04:21:22.000Z,2021-07-16,127840,4278319,4109579,2473,3264,9,40900,Italy,IT,60340328
2021-07-15T04:21:48.000Z,2021-07-15,127831,4275846,4106315,2153,1079,23,41700,Italy,IT,60340328
2021-07-14T04:21:35.000Z,2021-07-14,127808,4273693,4105236,1530,1287,20,40649,Italy,IT,60340328
2021-07-13T04:21:18.000Z,2021-07-13,127788,4272163,4103949,887,1529,13,40426,Italy,IT,60340328
2021-07-12T04:21:34.000Z,2021-07-12,127775,4271276,4102420,1391,1318,7,41081,Italy,IT,60340328
2021-07-11T04:21:43.000Z,2021-07-11,127768,4269885,4101102,1394,1763,12,41015,Italy,IT,60340328
2021-07-10T04:21:25.000Z,2021-07-10,127756,4268491,4099339,1386,1434,25,41396,Italy,IT,60340328
2021-07-09T04:21:21.000Z,2021-07-09,127731,4267105,4097905,1391,1749,13,41469,Italy,IT,60340328
2021-07-08T04:21:26.000Z,2021-07-08,127718,4265714,4096156,1010,1735,14,41840,Italy,IT,60340328
2021-07-07T04:21:20.000Z,2021-07-07,127704,4264704,4094421,907,1835,24,42579,Italy,IT,60340328
2021-07-06T04:21:32.000Z,2021-07-06,127680,4263797,4092586,480,1582,31,43531,Italy,IT,60340328
2021-07-05T04:21:28.000Z,2021-07-05,127649,4263317,4091004,806,1706,12,44664,Italy,IT,60340328
2021-07-04T04:21:38.000Z,2021-07-04,127637,4262511,4089298,929,3110,22,45576,Italy,IT,60340328
2021-07-03T04:21:37.000Z,2021-07-03,127615,4261582,4086188,794,2345,28,47779,Italy,IT,60340328
2021-07-02T04:21:47.000Z,2021-07-02,127587,4260788,4083843,879,1941,21,49358,Italy,IT,60340328
2021-07-01T04:21:19.000Z,2021-07-01,127566,4259909,4081902,776,3135,24,50441,Italy,IT,60340328
2021-06-30T04:21:41.000Z,2021-06-30,127542,4259133,4078767,677,2493,42,52824,Italy,IT,60340328
2021-06-29T04:21:28.000Z,2021-06-29,127500,4258456,4076274,387,2839,28,54682,Italy,IT,60340328
2021-06-28T04:21:29.000Z,2021-06-28,127472,4258069,4073435,780,1336,14,57162,Italy,IT,60340328
2021-06-27T04:21:39.000Z,2021-06-27,127458,4257289,4072099,838,3301,40,57732,Italy,IT,60340328
2021-06-26T04:21:43.000Z,2021-06-26,127418,4256451,4068798,751,2769,56,60235,Italy,IT,60340328
2021-06-25T04:21:33.000Z,2021-06-25,127362,4255700,4066029,266,6566,10,62309,Italy,IT,60340328
2021-06-24T04:21:55.000Z,2021-06-24,127352,4255434,4059463,1140,5455,30,68619,Italy,IT,60340328
2021-06-23T04:21:46.000Z,2021-06-23,127322,4254294,4054008,834,4692,31,72964,Italy,IT,60340328
2021-06-22T04:21:34.000Z,2021-06-22,127291,4253460,4049316,484,11320,21,76853,Italy,IT,60340328
2021-06-21T04:21:41.000Z,2021-06-21,127270,4252976,4037996,881,2304,17,87710,Italy,IT,60340328
2021-06-20T04:21:48.000Z,2021-06-20,127253,4252095,4035692,1193,4087,28,89150,Italy,IT,60340328
2021-06-19T04:22:33.000Z,2021-06-19,127225,4250902,4031605,1147,7648,35,92072,Italy,IT,60340328
2021-06-18T04:22:16.000Z,2021-06-18,127190,4249755,4023957,1323,4533,37,98608,Italy,IT,60340328
2021-06-17T04:22:36.000Z,2021-06-17,127153,4248432,4019424,1400,5399,52,101855,Italy,IT,60340328
2021-06-16T04:22:32.000Z,2021-06-16,127101,4247032,4014025,1253,53074,63,105906,Italy,IT,60340328
2021-06-15T04:22:22.000Z,2021-06-15,127038,4245779,3960951,907,3394,36,157790,Italy,IT,60340328
2021-06-14T04:22:46.000Z,2021-06-14,127002,4244872,3957557,1390,3460,26,160313,Italy,IT,60340328
2021-06-13T04:22:44.000Z,2021-06-13,126976,4243482,3954097,1722,4500,52,162409,Italy,IT,60340328
2021-06-12T04:22:22.000Z,2021-06-12,126924,4241760,3949597,1892,5893,69,165239,Italy,IT,60340328
2021-06-11T04:23:20.000Z,2021-06-11,126855,4239868,3943704,2078,7616,88,169309,Italy,IT,60340328
2021-06-10T04:23:17.000Z,2021-06-10,126767,4237790,3936088,2198,8912,77,174935,Italy,IT,60340328
2021-06-09T04:23:31.000Z,2021-06-09,126690,4235592,3927176,1894,8519,102,181726,Italy,IT,60340328
2021-06-08T04:22:35.000Z,2021-06-08,126588,4233698,3918657,1270,5024,65,188453,Italy,IT,60340328
2021-06-07T04:22:51.000Z,2021-06-07,126523,4232428,3913633,2275,5321,51,192272,Italy,IT,60340328
2021-06-06T04:24:03.000Z,2021-06-06,126472,4230153,3908312,2434,7200,57,195369,Italy,IT,60340328
2021-06-05T04:23:03.000Z,2021-06-05,126415,4227719,3901112,2556,7853,73,200192,Italy,IT,60340328
2021-06-04T04:23:37.000Z,2021-06-04,126342,4225163,3893259,1963,6392,59,205562,Italy,IT,60340328
2021-06-03T04:23:32.000Z,2021-06-03,126283,4223200,3886867,2896,18535,62,210050,Italy,IT,60340328
2021-06-02T04:24:34.000Z,2021-06-02,126221,4220304,3868332,2483,10313,93,225751,Italy,IT,60340328
2021-06-01T04:23:09.000Z,2021-06-01,126128,4217821,3858019,1818,6358,82,233674,Italy,IT,60340328
2021-05-31T03:08:59.000Z,2021-05-31,126046,4216003,3851661,2948,6574,44,238296,Italy,IT,60340328
2021-05-30T04:20:55.000Z,2021-05-30,126002,4213055,3845087,3348,7569,83,241966,Italy,IT,60340328
2021-05-29T04:20:41.000Z,2021-05-29,125919,4209707,3837518,3737,10534,126,246270,Italy,IT,60340328
2021-05-28T04:20:36.000Z,2021-05-28,125793,4205970,3826984,4143,10808,171,253193,Italy,IT,60340328
2021-05-27T04:20:59.000Z,2021-05-27,125622,4201827,3816176,3935,11930,121,260029,Italy,IT,60340328
2021-05-26T04:20:35.000Z,2021-05-26,125501,4197892,3804246,3220,11348,166,268145,Italy,IT,60340328
2021-05-25T04:21:08.000Z,2021-05-25,125335,4194672,3792898,2489,7032,110,276439,Italy,IT,60340328
2021-05-24T04:20:53.000Z,2021-05-24,125225,4192183,3785866,3993,6573,72,281092,Italy,IT,60340328
2021-05-23T04:20:51.000Z,2021-05-23,125153,4188190,3779293,4714,12633,125,283744,Italy,IT,60340328
2021-05-22T04:20:45.000Z,2021-05-22,125028,4183476,3766660,5215,12695,218,291788,Italy,IT,60340328
2021-05-21T04:20:43.000Z,2021-05-21,124810,4178261,3753965,5736,12816,164,299486,Italy,IT,60340328
2021-05-20T04:21:05.000Z,2021-05-20,124646,4172525,3741149,5500,13929,149,306730,Italy,IT,60340328
2021-05-19T04:20:42.000Z,2021-05-19,124497,4167025,3727220,4449,11831,201,315308,Italy,IT,60340328
2021-05-18T04:20:33.000Z,2021-05-18,124296,4162576,3715389,3454,9305,140,322891,Italy,IT,60340328
2021-05-17T04:20:34.000Z,2021-05-17,124156,4159122,3706084,5748,9603,93,328882,Italy,IT,60340328
2021-05-16T04:20:49.000Z,2021-05-16,124063,4153374,3696481,6652,13292,136,332830,Italy,IT,60340328
2021-05-15T04:20:58.000Z,2021-05-15,123927,4146722,3683189,7562,13782,182,339606,Italy,IT,60340328
2021-05-14T04:20:41.000Z,2021-05-14,123745,4139160,3669407,8082,14295,201,346008,Italy,IT,60340328
2021-05-13T04:20:51.000Z,2021-05-13,123544,4131078,3655112,7848,19023,262,352422,Italy,IT,60340328
2021-05-12T04:21:29.000Z,2021-05-12,123282,4123230,3636089,6943,16503,251,363859,Italy,IT,60340328
2021-05-11T04:20:41.000Z,2021-05-11,123031,4116287,3619586,5077,15063,198,373670,Italy,IT,60340328
2021-05-10T04:20:38.000Z,2021-05-10,122833,4111210,3604523,8289,14416,139,383854,Italy,IT,60340328
2021-05-09T04:20:35.000Z,2021-05-09,122694,4102921,3590107,10174,17394,224,390120,Italy,IT,60340328
2021-05-08T04:21:04.000Z,2021-05-08,122470,4092747,3572713,10549,15580,207,397564,Italy,IT,60340328
2021-05-07T04:20:40.000Z,2021-05-07,122263,4082198,3557133,11798,15867,258,402802,Italy,IT,60340328
2021-05-06T04:20:38.000Z,2021-05-06,122005,4070400,3541266,10579,17072,267,407129,Italy,IT,60340328
2021-05-05T04:20:43.000Z,2021-05-05,121738,4059821,3524194,9113,18477,305,413889,Italy,IT,60340328
2021-05-04T04:20:34.000Z,2021-05-04,121433,4050708,3505717,5946,13038,256,423558,Italy,IT,60340328
2021-05-03T04:20:39.000Z,2021-05-03,121177,4044762,3492679,9145,8637,144,430906,Italy,IT,60340328
2021-05-02T04:20:48.000Z,2021-05-02,121033,4035617,3484042,12964,18466,226,430542,Italy,IT,60340328
2021-05-01T04:20:47.000Z,2021-05-01,120807,4022653,3465576,13445,15621,263,436270,Italy,IT,60340328
2021-04-30T04:21:03.000Z,2021-04-30,120544,4009208,3449955,14314,18088,288,438709,Italy,IT,60340328
2021-04-29T04:20:55.000Z,2021-04-29,120256,3994894,3431867,13382,18416,344,442771,Italy,IT,60340328
2021-04-28T04:20:32.000Z,2021-04-28,119912,3981512,3413451,10398,14688,373,448149,Italy,IT,60340328
2021-04-27T04:20:52.000Z,2021-04-27,119539,3971114,3398763,8440,16539,301,452812,Italy,IT,60340328
2021-04-26T04:21:04.000Z,2021-04-26,119238,3962674,3382224,13157,13176,217,461212,Italy,IT,60340328
2021-04-25T04:20:32.000Z,2021-04-25,119021,3949517,3369048,13814,17587,322,461448,Italy,IT,60340328
2021-04-24T04:20:38.000Z,2021-04-24,118699,3935703,3351461,14758,21069,342,465543,Italy,IT,60340328
2021-04-23T04:20:52.000Z,2021-04-23,118357,3920945,3330392,16046,19125,360,472196,Italy,IT,60340328
2021-04-22T04:20:53.000Z,2021-04-22,117997,3904899,3311267,13836,20552,364,475635,Italy,IT,60340328
2021-04-21T04:21:14.000Z,2021-04-21,117633,3891063,3290715,12069,22453,390,482715,Italy,IT,60340328
2021-04-20T04:20:41.000Z,2021-04-20,117243,3878994,3268262,8863,19669,316,493489,Italy,IT,60340328
2021-04-19T04:20:57.000Z,2021-04-19,116927,3870131,3248593,12688,13134,251,504611,Italy,IT,60340328
2021-04-18T04:20:41.000Z,2021-04-18,116676,3857443,3235459,15364,16484,310,505308,Italy,IT,60340328
2021-04-17T04:20:40.000Z,2021-04-17,116366,3842079,3218975,15923,18779,429,506738,Italy,IT,60340328
2021-04-16T04:20:46.000Z,2021-04-16,115937,3826156,3200196,16963,21220,380,510023,Italy,IT,60340328
2021-04-15T04:20:54.000Z,2021-04-15,115557,3809193,3178976,16160,20251,469,514660,Italy,IT,60340328
2021-04-14T04:20:41.000Z,2021-04-14,115088,3793033,3158725,13439,18160,476,519220,Italy,IT,60340328
2021-04-13T04:20:37.000Z,2021-04-13,114612,3779594,3140565,9780,18010,358,524417,Italy,IT,60340328
2021-04-12T04:21:00.000Z,2021-04-12,114254,3769814,3122555,15737,15486,331,533005,Italy,IT,60340328
2021-04-11T04:20:56.000Z,2021-04-11,113923,3754077,3107069,17551,20483,344,533085,Italy,IT,60340328
2021-04-10T04:20:59.000Z,2021-04-10,113579,3736526,3086586,18924,26175,718,536361,Italy,IT,60340328
2021-04-09T04:21:13.000Z,2021-04-09,112861,3717602,3060411,17209,20229,487,544330,Italy,IT,60340328
2021-04-08T04:21:13.000Z,2021-04-08,112374,3700393,3040182,13686,20927,627,547837,Italy,IT,60340328
2021-04-07T04:20:53.000Z,2021-04-07,111747,3686707,3019255,7763,21733,421,555705,Italy,IT,60340328
2021-04-06T04:20:32.000Z,2021-04-06,111326,3678944,2997522,10680,9323,296,570096,Italy,IT,60340328
2021-04-05T04:20:35.000Z,2021-04-05,111030,3668264,2988199,18017,13511,326,569035,Italy,IT,60340328
2021-04-04T04:20:49.000Z,2021-04-04,110704,3650247,2974688,21247,21311,376,564855,Italy,IT,60340328
2021-04-03T04:20:44.000Z,2021-04-03,110328,3629000,2953377,21917,19620,481,565295,Italy,IT,60340328
2021-04-02T04:20:36.000Z,2021-04-02,109847,3607083,2933757,22184,20712,501,563479,Italy,IT,60340328
2021-04-01T04:27:05.000Z,2021-04-01,109346,3584899,2913045,23887,23744,467,562508,Italy,IT,60340328
2021-03-31T04:26:25.000Z,2021-03-31,108879,3561012,2889301,16055,18687,529,562832,Italy,IT,60340328
2021-03-30T04:26:23.000Z,2021-03-30,108350,3544957,2870614,12900,19725,417,565993,Italy,IT,60340328
2021-03-29T04:28:35.000Z,2021-03-29,107933,3532057,2850889,19604,17950,297,573235,Italy,IT,60340328
2021-03-28T05:28:10.000Z,2021-03-28,107636,3512453,2832939,23834,18287,380,571878,Italy,IT,60340328
2021-03-27T05:25:04.000Z,2021-03-27,107256,3488619,2814652,24076,19764,457,566711,Italy,IT,60340328
2021-03-26T05:26:55.000Z,2021-03-26,106799,3464543,2794888,23681,21673,460,562856,Italy,IT,60340328
2021-03-25T05:27:00.000Z,2021-03-25,106339,3440862,2773215,21246,20132,460,561308,Italy,IT,60340328
2021-03-24T05:25:40.000Z,2021-03-24,105879,3419616,2753083,29435,33606,551,560654,Italy,IT,60340328
2021-03-23T05:26:18.000Z,2021-03-23,105328,3390181,2719477,13805,19715,386,565376,Italy,IT,60340328
2021-03-22T05:25:43.000Z,2021-03-22,104942,3376376,2699762,20045,13526,300,571672,Italy,IT,60340328
2021-03-21T05:25:44.000Z,2021-03-21,104642,3356331,2686236,23913,14598,401,565453,Italy,IT,60340328
2021-03-20T05:25:46.000Z,2021-03-20,104241,3332418,2671638,25707,16292,386,556539,Italy,IT,60340328
2021-03-19T05:26:09.000Z,2021-03-19,103855,3306711,2655346,24901,15976,423,547510,Italy,IT,60340328
2021-03-18T05:26:22.000Z,2021-03-18,103432,3281810,2639370,23040,19716,431,539008,Italy,IT,60340328
2021-03-17T05:25:07.000Z,2021-03-17,103001,3258770,2619654,20376,14116,502,536115,Italy,IT,60340328
2021-03-16T05:25:13.000Z,2021-03-16,102499,3238394,2605538,15252,15807,354,530357,Italy,IT,60340328
2021-03-15T05:25:51.000Z,2021-03-15,102145,3223142,2589731,21304,9835,264,531266,Italy,IT,60340328
2021-03-14T05:25:37.000Z,2021-03-14,101881,3201838,2579896,26031,14970,317,520061,Italy,IT,60340328
2021-03-13T05:25:15.000Z,2021-03-13,101564,3175807,2564926,26790,14443,380,509317,Italy,IT,60340328
2021-03-12T05:26:50.000Z,2021-03-12,101184,3149017,2550483,25649,15000,373,497350,Italy,IT,60340328
2021-03-11T05:25:48.000Z,2021-03-11,100811,3123368,2535483,22275,13752,332,487074,Italy,IT,60340328
2021-03-10T05:24:35.000Z,2021-03-10,100479,3101093,2521731,19725,12999,376,478883,Italy,IT,60340328
2021-03-09T05:28:19.000Z,2021-03-09,100103,3081368,2508732,13882,13893,318,472533,Italy,IT,60340328
2021-03-08T05:24:48.000Z,2021-03-08,99785,3067486,2494839,20724,13467,207,472862,Italy,IT,60340328
2021-03-07T05:21:54.000Z,2021-03-07,99578,3046762,2481372,23633,13984,307,465812,Italy,IT,60340328
2021-03-06T04:23:41.000Z,2021-03-06,99271,3023129,2467388,24010,13682,297,456470,Italy,IT,60340328
2021-03-05T05:26:29.000Z,2021-03-05,98974,2999119,2453706,22845,13488,339,446439,Italy,IT,60340328
2021-03-04T05:24:24.000Z,2021-03-04,98635,2976274,2440218,20840,14068,347,437421,Italy,IT,60340328
2021-03-03T05:23:28.000Z,2021-03-03,98288,2955434,2426150,17063,10057,343,430996,Italy,IT,60340328
2021-03-02T05:23:30.000Z,2021-03-02,97945,2938371,2416093,13106,10894,246,424333,Italy,IT,60340328
2021-03-01T05:23:01.000Z,2021-03-01,97699,2925265,2405199,17440,6847,192,422367,Italy,IT,60340328
2021-02-28T05:22:20.000Z,2021-02-28,97507,2907825,2398352,18902,11320,280,411966,Italy,IT,60340328
2021-02-27T05:22:28.000Z,2021-02-27,97227,2888923,2387032,20488,11714,253,404664,Italy,IT,60340328
2021-02-26T05:22:40.000Z,2021-02-26,96974,2868435,2375318,19871,12853,308,396143,Italy,IT,60340328
2021-02-25T05:24:57.000Z,2021-02-25,96666,2848564,2362465,16402,14599,318,389433,Italy,IT,60340328
2021-02-24T05:29:16.000Z,2021-02-24,96348,2832162,2347866,13299,12898,356,387948,Italy,IT,60340328
2021-02-23T05:23:41.000Z,2021-02-23,95992,2818863,2334968,9617,10335,274,387903,Italy,IT,60340328
2021-02-22T05:24:21.000Z,2021-02-22,95718,2809246,2324633,13450,8946,232,388895,Italy,IT,60340328
2021-02-21T05:24:33.000Z,2021-02-21,95486,2795796,2315687,14914,12488,251,384623,Italy,IT,60340328
2021-02-20T05:22:51.000Z,2021-02-20,95235,2780882,2303199,15470,17175,348,382448,Italy,IT,60340328
2021-02-19T05:24:16.000Z,2021-02-19,94887,2765412,2286024,13755,17771,347,384501,Italy,IT,60340328
2021-02-18T05:22:58.000Z,2021-02-18,94540,2751657,2268253,12066,16519,369,388864,Italy,IT,60340328
2021-02-17T05:23:10.000Z,2021-02-17,94171,2739591,2251734,10368,14444,336,393686,Italy,IT,60340328
2021-02-16T05:24:38.000Z,2021-02-16,93835,2729223,2237290,7344,11771,258,398098,Italy,IT,60340328
2021-02-15T05:24:49.000Z,2021-02-15,93577,2721879,2225519,11060,9469,221,402783,Italy,IT,60340328
2021-02-14T05:23:43.000Z,2021-02-14,93356,2710819,2216050,13523,13973,311,401413,Italy,IT,60340328
2021-02-13T05:22:12.000Z,2021-02-13,93045,2697296,2202077,13893,16422,316,402174,Italy,IT,60340328
2021-02-12T05:23:29.000Z,2021-02-12,92729,2683403,2185655,15137,19838,391,405019,Italy,IT,60340328
2021-02-11T05:23:55.000Z,2021-02-11,92338,2668266,2165817,12947,16467,336,410111,Italy,IT,60340328
2021-02-10T05:22:41.000Z,2021-02-10,92002,2655319,2149350,10612,15827,422,413967,Italy,IT,60340328
2021-02-09T05:23:30.000Z,2021-02-09,91580,2644707,2133523,7969,15082,307,419604,Italy,IT,60340328
2021-02-08T05:22:39.000Z,2021-02-08,91273,2636738,2118441,11640,11380,270,427024,Italy,IT,60340328
2021-02-07T05:23:00.000Z,2021-02-07,91003,2625098,2107061,13439,15138,385,427034,Italy,IT,60340328
2021-02-06T05:23:55.000Z,2021-02-06,90618,2611659,2091923,14213,14995,377,429118,Italy,IT,60340328
2021-02-05T05:22:38.000Z,2021-02-05,90241,2597446,2076928,13656,17680,421,430277,Italy,IT,60340328
2021-02-04T05:22:26.000Z,2021-02-04,89820,2583790,2059248,13182,15749,476,434722,Italy,IT,60340328
2021-02-03T05:22:52.000Z,2021-02-03,89344,2570608,2043499,9651,18976,499,437765,Italy,IT,60340328
2021-02-02T05:22:49.000Z,2021-02-02,88845,2560957,2024523,7925,13975,329,447589,Italy,IT,60340328
2021-02-01T05:22:53.000Z,2021-02-01,88516,2553032,2010548,11249,20396,237,453968,Italy,IT,60340328
2021-01-31T05:22:42.000Z,2021-01-31,88279,2541783,1990152,12713,16764,421,463352,Italy,IT,60340328
2021-01-30T05:22:49.000Z,2021-01-30,87858,2529070,1973388,13563,19879,477,467824,Italy,IT,60340328
2021-01-29T04:22:23.000Z,2021-01-29,87381,2515507,1953509,14360,17220,492,474617,Italy,IT,60340328
2021-01-28T04:22:24.000Z,2021-01-28,86889,2501147,1936289,15191,19172,467,477969,Italy,IT,60340328
2021-01-27T04:23:41.000Z,2021-01-27,86422,2485956,1917117,10584,19256,541,482417,Italy,IT,60340328
2021-01-26T04:22:02.000Z,2021-01-26,85881,2475372,1897861,8559,15787,420,491630,Italy,IT,60340328
2021-01-25T04:22:16.000Z,2021-01-25,85461,2466813,1882074,11628,10885,299,499278,Italy,IT,60340328
2021-01-24T04:22:35.000Z,2021-01-24,85162,2455185,1871189,13331,16062,488,498834,Italy,IT,60340328
2021-01-23T04:22:03.000Z,2021-01-23,84674,2441854,1855127,13633,27676,472,502053,Italy,IT,60340328
2021-01-22T04:22:10.000Z,2021-01-22,84202,2428221,1827451,14055,20519,521,516568,Italy,IT,60340328
2021-01-21T04:22:01.000Z,2021-01-21,83681,2414166,1806932,13568,25015,524,523553,Italy,IT,60340328
2021-01-20T04:21:54.000Z,2021-01-20,83157,2400598,1781917,10496,21428,603,535524,Italy,IT,60340328
2021-01-19T04:22:15.000Z,2021-01-19,82554,2390102,1760489,8825,14763,377,547059,Italy,IT,60340328
2021-01-18T04:22:34.000Z,2021-01-18,82177,2381277,1745726,12544,16510,377,553374,Italy,IT,60340328
2021-01-17T04:22:17.000Z,2021-01-17,81800,2368733,1729216,16310,16186,475,557717,Italy,IT,60340328
2021-01-16T04:22:40.000Z,2021-01-16,81325,2352423,1713030,16144,18979,477,558068,Italy,IT,60340328
2021-01-15T04:22:24.000Z,2021-01-15,80848,2336279,1694051,17243,20115,522,561380,Italy,IT,60340328
2021-01-14T04:22:32.000Z,2021-01-14,80326,2319036,1673936,15773,20532,507,564774,Italy,IT,60340328
2021-01-13T04:22:15.000Z,2021-01-13,79819,2303263,1653404,14242,19565,616,570040,Italy,IT,60340328
2021-01-12T04:22:15.000Z,2021-01-12,79203,2289021,1633839,12530,16035,448,575979,Italy,IT,60340328
2021-01-11T04:21:50.000Z,2021-01-11,78755,2276491,1617804,18625,11174,361,579932,Italy,IT,60340328
2021-01-10T04:22:12.000Z,2021-01-10,78394,2257866,1606630,37505,34615,1103,572842,Italy,IT,60340328
2021-01-08T04:22:42.000Z,2021-01-08,77291,2220361,1572015,18416,15659,414,571055,Italy,IT,60340328
2021-01-07T04:22:03.000Z,2021-01-07,76877,2201945,1556356,20326,20227,548,568712,Italy,IT,60340328
2021-01-06T04:22:16.000Z,2021-01-06,76329,2181619,1536129,15375,16023,649,569161,Italy,IT,60340328
2021-01-05T04:21:49.000Z,2021-01-05,75680,2166244,1520106,10798,16206,348,570458,Italy,IT,60340328
2021-01-04T04:22:02.000Z,2021-01-04,75332,2155446,1503900,14245,14746,347,576214,Italy,IT,60340328
2021-01-03T04:22:52.000Z,2021-01-03,74985,2141201,1489154,11825,9166,364,577062,Italy,IT,60340328
2021-01-02T04:22:33.000Z,2021-01-02,74621,2129376,1479988,22210,16877,462,574767,Italy,IT,60340328
2021-01-01T04:23:07.000Z,2021-01-01,74159,2107166,1463111,23477,17421,555,569896,Italy,IT,60340328
2020-12-31T04:22:49.000Z,2020-12-31,73604,2083689,1445690,16202,19960,575,564395,Italy,IT,60340328
2020-12-30T04:22:34.000Z,2020-12-30,73029,2067487,1425730,11210,17044,659,568728,Italy,IT,60340328
2020-12-29T04:22:37.000Z,2020-12-29,72370,2056277,1408686,8581,14675,445,575221,Italy,IT,60340328
2020-12-28T04:22:06.000Z,2020-12-28,71925,2047696,1394011,8937,7813,305,581760,Italy,IT,60340328
2020-12-27T04:22:55.000Z,2020-12-27,71620,2038759,1386198,10405,9089,261,580941,Italy,IT,60340328
2020-12-26T04:22:28.000Z,2020-12-26,71359,2028354,1377109,19037,32324,459,579886,Italy,IT,60340328
2020-12-25T04:22:48.000Z,2020-12-25,70900,2009317,1344785,18039,22718,505,593632,Italy,IT,60340328
2020-12-24T04:23:04.000Z,2020-12-24,70395,1991278,1322067,13908,20494,553,598816,Italy,IT,60340328
2020-12-23T04:22:03.000Z,2020-12-23,69842,1977370,1301573,13316,20315,628,605955,Italy,IT,60340328
2020-12-21T04:22:33.000Z,2020-12-21,69214,1964054,1281258,10869,19632,415,613582,Italy,IT,60340328
2020-12-20T04:27:58.000Z,2020-12-20,68799,1953185,1261626,15102,12156,352,622760,Italy,IT,60340328
2020-12-19T04:27:32.000Z,2020-12-19,68447,1938083,1249470,16305,23384,553,620166,Italy,IT,60340328
2020-12-18T04:27:52.000Z,2020-12-18,67894,1921778,1226086,15401,22272,674,627798,Italy,IT,60340328
2020-12-17T04:28:18.000Z,2020-12-17,67220,1906377,1203814,18233,27913,683,635343,Italy,IT,60340328
2020-12-16T04:28:12.000Z,2020-12-16,66537,1888144,1175901,17568,34495,680,645706,Italy,IT,60340328
2020-12-15T04:28:04.000Z,2020-12-15,65857,1870576,1141406,14839,25789,846,663313,Italy,IT,60340328
2020-12-14T04:26:38.000Z,2020-12-14,65011,1855737,1115617,12025,22456,491,675109,Italy,IT,60340328
2020-12-13T04:26:27.000Z,2020-12-13,64520,1843712,1093161,17937,16270,484,686031,Italy,IT,60340328
2020-12-12T04:27:20.000Z,2020-12-12,64036,1825775,1076891,19902,24728,649,684848,Italy,IT,60340328
2020-12-11T04:26:19.000Z,2020-12-11,63387,1805873,1052163,18726,24169,761,690323,Italy,IT,60340328
2020-12-10T04:26:59.000Z,2020-12-10,62626,1787147,1027994,16998,30099,887,696527,Italy,IT,60340328
2020-12-09T04:26:19.000Z,2020-12-09,61739,1770149,997895,12755,39266,499,710515,Italy,IT,60340328
2020-12-08T04:28:01.000Z,2020-12-08,61240,1757394,958629,14837,25497,634,737525,Italy,IT,60340328
2020-12-07T04:27:42.000Z,2020-12-07,60606,1742557,933132,13679,19638,528,748819,Italy,IT,60340328
2020-12-06T04:26:14.000Z,2020-12-06,60078,1728878,913494,18887,17186,564,755306,Italy,IT,60340328
2020-12-05T04:26:18.000Z,2020-12-05,59514,1709991,896308,21052,23923,662,754169,Italy,IT,60340328
2020-12-04T04:27:36.000Z,2020-12-04,58852,1688939,872385,24110,25576,814,757702,Italy,IT,60340328
2020-12-03T04:27:27.000Z,2020-12-03,58038,1664829,846809,23219,23474,993,759982,Italy,IT,60340328
2020-12-02T04:28:22.000Z,2020-12-02,57045,1641610,823335,20709,38740,684,761230,Italy,IT,60340328
2020-12-01T04:27:41.000Z,2020-12-01,56361,1620901,784595,19347,27088,785,779945,Italy,IT,60340328
2020-11-30T04:26:18.000Z,2020-11-30,55576,1601554,757507,16376,23004,672,788471,Italy,IT,60340328
2020-11-29T04:26:13.000Z,2020-11-29,54904,1585178,734503,20646,13642,541,795771,Italy,IT,60340328
2020-11-28T04:25:55.000Z,2020-11-28,54363,1564532,720861,26315,24214,686,789308,Italy,IT,60340328
2020-11-27T04:25:50.000Z,2020-11-27,53677,1538217,696647,28342,35467,827,787893,Italy,IT,60340328
2020-11-26T04:26:53.000Z,2020-11-26,52850,1509875,661180,29001,24031,822,795845,Italy,IT,60340328
2020-11-25T04:27:44.000Z,2020-11-25,52028,1480874,637149,25852,31819,722,791697,Italy,IT,60340328
2020-11-24T04:27:20.000Z,2020-11-24,51306,1455022,605330,23227,20837,853,798386,Italy,IT,60340328
2020-11-23T04:27:31.000Z,2020-11-23,50453,1431795,584493,22927,31395,630,796849,Italy,IT,60340328
2020-11-22T04:25:26.000Z,2020-11-22,49823,1408868,553098,28337,13574,562,805947,Italy,IT,60340328
2020-11-21T04:25:45.000Z,2020-11-21,49261,1380531,539524,34764,19502,692,791746,Italy,IT,60340328
2020-11-20T04:25:51.000Z,2020-11-20,48569,1345767,520022,37239,21035,699,777176,Italy,IT,60340328
2020-11-19T04:26:28.000Z,2020-11-19,47870,1308528,498987,36176,17020,653,761671,Italy,IT,60340328
2020-11-18T04:25:23.000Z,2020-11-18,47217,1272352,481967,34280,24169,753,743168,Italy,IT,60340328
2020-11-17T04:40:31.000Z,2020-11-17,46464,1238072,457798,32191,15434,731,733810,Italy,IT,60340328
2020-11-16T04:25:54.000Z,2020-11-16,45733,1205881,442364,27352,21554,504,717784,Italy,IT,60340328
2020-11-15T04:25:57.000Z,2020-11-15,45229,1178529,420810,33977,9376,546,712490,Italy,IT,60340328
2020-11-14T04:26:53.000Z,2020-11-14,44683,1144552,411434,37249,12196,544,688435,Italy,IT,60340328
2020-11-13T04:25:37.000Z,2020-11-13,44139,1107303,399238,40902,11480,550,663926,Italy,IT,60340328
2020-11-12T04:25:30.000Z,2020-11-12,43589,1066401,387758,37977,15645,636,635054,Italy,IT,60340328
2020-11-11T04:25:55.000Z,2020-11-11,42953,1028424,372113,32961,9090,623,613358,Italy,IT,60340328
2020-11-10T04:25:30.000Z,2020-11-10,42330,995463,363023,35090,17734,580,590110,Italy,IT,60340328
2020-11-09T04:40:07.000Z,2020-11-09,41750,960373,345289,25269,10215,356,573334,Italy,IT,60340328
2020-11-08T04:25:45.000Z,2020-11-08,41394,935104,335074,32614,6183,331,558636,Italy,IT,60340328
2020-11-07T04:24:56.000Z,2020-11-07,41063,902490,328891,39809,5966,425,532536,Italy,IT,60340328
2020-11-06T04:24:52.000Z,2020-11-06,40638,862681,322925,37802,10586,446,499118,Italy,IT,60340328
2020-11-05T04:24:55.000Z,2020-11-05,40192,824879,312339,34502,4961,428,472348,Italy,IT,60340328
2020-11-04T05:05:03.000Z,2020-11-04,39764,790377,307378,30548,5103,352,443235,Italy,IT,60340328
2020-11-03T04:25:09.000Z,2020-11-03,39412,759829,302275,28241,6258,353,418142,Italy,IT,60340328
2020-11-02T05:00:16.000Z,2020-11-02,39059,731588,296017,22253,3637,233,396512,Italy,IT,60340328
2020-11-01T04:25:04.000Z,2020-11-01,38826,709335,292380,29905,2954,208,378129,Italy,IT,60340328
2020-10-31T03:36:19.000Z,2020-10-31,38618,679430,289426,31756,5859,297,351386,Italy,IT,60340328
2020-10-30T03:24:44.000Z,2020-10-30,38321,647674,283567,31079,4285,199,325786,Italy,IT,60340328
2020-10-29T03:24:49.000Z,2020-10-29,38122,616595,279282,26829,3878,217,299191,Italy,IT,60340328
2020-10-28T03:24:49.000Z,2020-10-28,37905,589766,275404,24988,3416,205,276457,Italy,IT,60340328
2020-10-27T03:24:39.000Z,2020-10-27,37700,564778,271988,21989,3362,221,255090,Italy,IT,60340328
2020-10-26T03:24:45.000Z,2020-10-26,37479,542789,268626,17007,2423,141,236684,Italy,IT,60340328
2020-10-25T03:25:02.000Z,2020-10-25,37338,525782,266203,21273,2086,128,222241,Italy,IT,60340328
2020-10-24T02:24:36.000Z,2020-10-24,37210,504509,264117,19640,2309,151,203182,Italy,IT,60340328
2020-10-23T02:24:46.000Z,2020-10-23,37059,484869,261808,19143,2352,91,186002,Italy,IT,60340328
2020-10-22T02:24:46.000Z,2020-10-22,36968,465726,259456,16078,2082,136,169302,Italy,IT,60340328
2020-10-21T02:24:27.000Z,2020-10-21,36832,449648,257374,15199,2369,127,155442,Italy,IT,60340328
2020-10-20T02:24:14.000Z,2020-10-20,36705,434449,255005,10871,2046,89,142739,Italy,IT,60340328
2020-10-19T02:24:22.000Z,2020-10-19,36616,423578,252959,9337,1498,73,134003,Italy,IT,60340328
2020-10-18T02:24:16.000Z,2020-10-18,36543,414241,251461,11705,2334,69,126237,Italy,IT,60340328
2020-10-17T02:24:25.000Z,2020-10-17,36474,402536,249127,10925,1255,47,116935,Italy,IT,60340328
2020-10-16T02:24:12.000Z,2020-10-16,36427,391611,247872,10009,1908,55,107312,Italy,IT,60340328
2020-10-15T02:24:01.000Z,2020-10-15,36372,381602,245964,8803,1899,83,99266,Italy,IT,60340328
2020-10-14T02:24:28.000Z,2020-10-14,36289,372799,244065,7332,2037,43,92445,Italy,IT,60340328
2020-10-13T02:24:05.000Z,2020-10-13,36246,365467,242028,5898,1428,41,87193,Italy,IT,60340328
2020-10-12T02:24:02.000Z,2020-10-12,36205,359569,240600,4619,891,39,82764,Italy,IT,60340328
2020-10-11T02:23:45.000Z,2020-10-11,36166,354950,239709,5456,1184,26,79075,Italy,IT,60340328
2020-10-10T02:23:46.000Z,2020-10-10,36140,349494,238525,5724,976,29,74829,Italy,IT,60340328
2020-10-09T02:23:57.000Z,2020-10-09,36111,343770,237549,5372,1186,28,70110,Italy,IT,60340328
2020-10-08T02:23:59.000Z,2020-10-08,36083,338398,236363,4458,1060,22,65952,Italy,IT,60340328
2020-10-07T02:23:56.000Z,2020-10-07,36061,333940,235303,3677,1204,31,62576,Italy,IT,60340328
2020-10-06T02:23:40.000Z,2020-10-06,36030,330263,234099,2677,1418,28,60134,Italy,IT,60340328
2020-10-05T02:23:33.000Z,2020-10-05,36002,327586,232681,2257,767,16,58903,Italy,IT,60340328
2020-10-04T02:23:33.000Z,2020-10-04,35986,325329,231914,2578,697,18,57429,Italy,IT,60340328
2020-10-03T02:23:44.000Z,2020-10-03,35968,322751,231217,2843,1247,27,55566,Italy,IT,60340328
2020-10-02T02:23:40.000Z,2020-10-02,35941,319908,229970,2499,1126,23,53997,Italy,IT,60340328
2020-10-01T02:23:51.000Z,2020-10-01,35918,317409,228844,2548,1140,24,52647,Italy,IT,60340328
2020-09-30T02:23:42.000Z,2020-09-30,35894,314861,227704,1850,1198,19,51263,Italy,IT,60340328
2020-09-29T02:23:33.000Z,2020-09-29,35875,313011,226506,1647,1316,24,50630,Italy,IT,60340328
2020-09-28T02:23:42.000Z,2020-09-28,35851,311364,225190,1494,773,16,50323,Italy,IT,60340328
2020-09-27T02:23:00.000Z,2020-09-27,35835,309870,224417,1766,724,17,49618,Italy,IT,60340328
2020-09-26T02:23:45.000Z,2020-09-26,35818,308104,223693,1869,977,17,48593,Italy,IT,60340328
2020-09-25T02:23:42.000Z,2020-09-25,35801,306235,222716,1912,954,20,47718,Italy,IT,60340328
2020-09-24T02:23:21.000Z,2020-09-24,35781,304323,221762,1786,1097,23,46780,Italy,IT,60340328
2020-09-23T02:23:38.000Z,2020-09-23,35758,302537,220665,1640,995,20,46114,Italy,IT,60340328
2020-09-22T02:23:40.000Z,2020-09-22,35738,300897,219670,1391,967,14,45489,Italy,IT,60340328
2020-09-21T02:23:11.000Z,2020-09-21,35724,299506,218703,1350,352,17,45079,Italy,IT,60340328
2020-09-20T02:23:18.000Z,2020-09-20,35707,298156,218351,1587,635,15,44098,Italy,IT,60340328
2020-09-19T02:22:56.000Z,2020-09-19,35692,296569,217716,1637,909,24,43161,Italy,IT,60340328
2020-09-18T02:22:56.000Z,2020-09-18,35668,294932,216807,1907,853,10,42457,Italy,IT,60340328
2020-09-17T03:05:57.000Z,2020-09-17,35658,293025,215954,1583,689,13,41413,Italy,IT,60340328
2020-09-16T02:22:55.000Z,2020-09-16,35645,291442,215265,1452,620,12,40532,Italy,IT,60340328
2020-09-15T02:22:53.000Z,2020-09-15,35633,289990,214645,1229,695,9,39712,Italy,IT,60340328
2020-09-14T01:22:50.000Z,2020-09-14,35624,288761,213950,1008,316,14,39187,Italy,IT,60340328
2020-09-13T02:26:09.000Z,2020-09-13,35610,287753,213634,1456,443,7,38509,Italy,IT,60340328
2020-09-12T02:30:52.000Z,2020-09-12,35603,286297,213191,1501,759,6,37503,Italy,IT,60340328
2020-09-11T02:25:05.000Z,2020-09-11,35597,284796,212432,1616,547,10,36767,Italy,IT,60340328
2020-09-10T02:46:23.000Z,2020-09-10,35587,283180,211885,1597,613,10,35708,Italy,IT,60340328
2020-09-09T02:29:01.000Z,2020-09-09,35577,281583,211272,1430,471,14,34734,Italy,IT,60340328
2020-09-08T02:28:48.000Z,2020-09-08,35563,280153,210801,1369,563,10,33789,Italy,IT,60340328
2020-09-07T02:28:25.000Z,2020-09-07,35553,278784,210238,1150,223,12,32993,Italy,IT,60340328
2020-09-06T02:28:30.000Z,2020-09-06,35541,277634,210015,1296,405,7,32078,Italy,IT,60340328
2020-09-05T02:28:33.000Z,2020-09-05,35534,276338,209610,1694,583,16,31194,Italy,IT,60340328
2020-09-04T02:28:19.000Z,2020-09-04,35518,274644,209027,1732,537,11,30099,Italy,IT,60340328
2020-09-03T02:28:26.000Z,2020-09-03,35507,272912,208490,1397,289,10,28915,Italy,IT,60340328
2020-09-02T02:28:22.000Z,2020-09-02,35497,271515,208201,1326,257,6,27817,Italy,IT,60340328
2020-09-01T02:28:25.000Z,2020-09-01,35491,270189,207944,975,291,8,26754,Italy,IT,60340328
2020-08-31T02:28:31.000Z,2020-08-31,35483,269214,207653,996,0,6,26078,Italy,IT,60340328
2020-08-30T02:28:27.000Z,2020-08-30,35477,268218,208536,1365,312,4,24205,Italy,IT,60340328
2020-08-29T02:28:22.000Z,2020-08-29,35473,266853,208224,1444,1322,1,23156,Italy,IT,60340328
2020-08-28T02:28:19.000Z,2020-08-28,35472,265409,206902,1460,348,9,23035,Italy,IT,60340328
2020-08-27T02:28:11.000Z,2020-08-27,35463,263949,206554,1409,225,5,21932,Italy,IT,60340328
2020-08-26T02:28:15.000Z,2020-08-26,35458,262540,206329,1366,314,13,20753,Italy,IT,60340328
2020-08-25T02:28:11.000Z,2020-08-25,35445,261174,206015,876,353,4,19714,Italy,IT,60340328
2020-08-24T02:28:02.000Z,2020-08-24,35441,260298,205662,953,192,4,19195,Italy,IT,60340328
2020-08-23T02:27:56.000Z,2020-08-23,35437,259345,205470,1209,267,7,18438,Italy,IT,60340328
2020-08-22T02:27:48.000Z,2020-08-22,35430,258136,205203,1071,243,3,17503,Italy,IT,60340328
2020-08-21T02:27:49.000Z,2020-08-21,35427,257065,204960,947,274,9,16678,Italy,IT,60340328
2020-08-20T02:27:41.000Z,2020-08-20,35418,256118,204686,840,180,6,16014,Italy,IT,60340328
2020-08-19T02:27:43.000Z,2020-08-19,35412,255278,204506,642,364,7,15360,Italy,IT,60340328
2020-08-18T02:27:00.000Z,2020-08-18,35405,254636,204142,0,0,0,15089,Italy,IT,60340328
2020-08-18T02:27:00.000Z,2020-08-17,35405,254636,204142,401,174,5,15089,Italy,IT,60340328
2020-08-17T02:27:56.000Z,2020-08-17,35400,254235,203968,320,182,4,14867,Italy,IT,60340328
2020-08-16T02:27:20.000Z,2020-08-16,35396,253915,203786,477,146,4,14733,Italy,IT,60340328
2020-08-15T02:27:42.000Z,2020-08-15,35392,253438,203640,629,314,158,14406,Italy,IT,60340328
2020-08-14T02:27:31.000Z,2020-08-14,35234,252809,203326,574,403,3,14249,Italy,IT,60340328
2020-08-13T02:51:19.000Z,2020-08-13,35231,252235,202923,522,226,6,14081,Italy,IT,60340328
2020-08-12T02:29:15.000Z,2020-08-12,35225,251713,202697,476,236,10,13791,Italy,IT,60340328
2020-08-11T02:27:29.000Z,2020-08-11,35215,251237,202461,412,213,6,13561,Italy,IT,60340328
2020-08-10T02:35:08.000Z,2020-08-10,35209,250825,202248,259,150,4,13368,Italy,IT,60340328
2020-08-09T02:34:55.000Z,2020-08-09,35205,250566,202098,463,151,2,13263,Italy,IT,60340328
2020-08-08T02:34:54.000Z,2020-08-08,35203,250103,201947,347,305,13,12953,Italy,IT,60340328
2020-08-07T02:34:53.000Z,2020-08-07,35190,249756,201642,552,319,3,12924,Italy,IT,60340328
2020-08-06T02:35:11.000Z,2020-08-06,35187,249204,201323,401,347,6,12694,Italy,IT,60340328
2020-08-05T02:35:02.000Z,2020-08-05,35181,248803,200976,384,210,10,12646,Italy,IT,60340328
2020-08-04T02:34:43.000Z,2020-08-04,35171,248419,200766,190,177,5,12482,Italy,IT,60340328
2020-08-03T02:41:59.000Z,2020-08-03,35166,248229,200589,159,129,12,12474,Italy,IT,60340328
2020-08-02T02:34:35.000Z,2020-08-02,35154,248070,200460,238,231,8,12456,Italy,IT,60340328
2020-08-01T02:34:47.000Z,2020-08-01,35146,247832,200229,295,255,5,12457,Italy,IT,60340328
2020-07-31T02:36:27.000Z,2020-07-31,35141,247537,199974,379,178,9,12422,Italy,IT,60340328
2020-07-30T02:35:18.000Z,2020-07-30,35132,247158,199796,382,765,3,12230,Italy,IT,60340328
2020-07-29T02:35:05.000Z,2020-07-29,35129,246776,199031,288,275,6,12616,Italy,IT,60340328
2020-07-28T02:35:11.000Z,2020-07-28,35123,246488,198756,202,163,11,12609,Italy,IT,60340328
2020-07-27T02:58:43.000Z,2020-07-27,35112,246286,198593,168,147,5,12581,Italy,IT,60340328
2020-07-26T02:35:02.000Z,2020-07-26,35107,246118,198446,254,126,5,12565,Italy,IT,60340328
2020-07-25T02:35:00.000Z,2020-07-25,35102,245864,198320,274,128,5,12442,Italy,IT,60340328
2020-07-24T02:47:39.000Z,2020-07-24,35097,245590,198192,252,350,5,12301,Italy,IT,60340328
2020-07-23T03:30:40.000Z,2020-07-23,35092,245338,197842,306,214,10,12404,Italy,IT,60340328
2020-07-22T03:15:04.000Z,2020-07-22,35082,245032,197628,280,197,9,12322,Italy,IT,60340328
2020-07-21T02:34:42.000Z,2020-07-21,35073,244752,197431,128,269,15,12248,Italy,IT,60340328
2020-07-20T02:38:46.000Z,2020-07-20,35058,244624,197162,190,213,13,12404,Italy,IT,60340328
2020-07-19T03:34:40.000Z,2020-07-19,35045,244434,196949,218,143,3,12440,Italy,IT,60340328
2020-07-18T02:34:58.000Z,2020-07-18,35042,244216,196806,249,323,14,12368,Italy,IT,60340328
2020-07-17T02:34:45.000Z,2020-07-17,35028,243967,196483,231,237,11,12456,Italy,IT,60340328
2020-07-16T02:34:50.000Z,2020-07-16,35017,243736,196246,230,230,20,12473,Italy,IT,60340328
2020-07-15T02:44:59.000Z,2020-07-15,34997,243506,196016,162,575,13,12493,Italy,IT,60340328
2020-07-14T02:34:39.000Z,2020-07-14,34984,243344,195441,114,335,17,12919,Italy,IT,60340328
2020-07-13T02:34:46.000Z,2020-07-13,34967,243230,195106,169,178,13,13157,Italy,IT,60340328
2020-07-12T02:43:04.000Z,2020-07-12,34954,243061,194928,234,349,9,13179,Italy,IT,60340328
2020-07-11T02:34:30.000Z,2020-07-11,34945,242827,194579,188,306,7,13303,Italy,IT,60340328
2020-07-10T02:34:26.000Z,2020-07-10,34938,242639,194273,276,295,12,13428,Italy,IT,60340328
2020-07-09T02:34:24.000Z,2020-07-09,34926,242363,193978,214,338,12,13459,Italy,IT,60340328
2020-07-08T02:34:23.000Z,2020-07-08,34914,242149,193640,193,825,15,13595,Italy,IT,60340328
2020-07-07T03:33:48.000Z,2020-07-07,34899,241956,192815,137,574,30,14242,Italy,IT,60340328
2020-07-06T02:34:00.000Z,2020-07-06,34869,241819,192241,208,133,8,14709,Italy,IT,60340328
2020-07-05T02:33:57.000Z,2020-07-05,34861,241611,192108,192,164,7,14642,Italy,IT,60340328
2020-07-04T02:33:46.000Z,2020-07-04,34854,241419,191944,235,477,21,14621,Italy,IT,60340328
2020-07-03T02:33:51.000Z,2020-07-03,34833,241184,191467,223,384,15,14884,Italy,IT,60340328
2020-07-02T02:33:54.000Z,2020-07-02,34818,240961,191083,201,366,30,15060,Italy,IT,60340328
2020-07-01T02:33:46.000Z,2020-07-01,34788,240760,190717,182,469,21,15255,Italy,IT,60340328
2020-06-30T02:33:52.000Z,2020-06-30,34767,240578,190248,142,1052,23,15563,Italy,IT,60340328
2020-06-29T02:33:48.000Z,2020-06-29,34744,240436,189196,126,305,6,16496,Italy,IT,60340328
2020-06-28T02:33:44.000Z,2020-06-28,34738,240310,188891,174,307,22,16681,Italy,IT,60340328
2020-06-27T02:34:04.000Z,2020-06-27,34716,240136,188584,175,969,8,16836,Italy,IT,60340328
2020-06-26T02:33:35.000Z,2020-06-26,34708,239961,187615,255,890,30,17638,Italy,IT,60340328
2020-06-25T02:33:43.000Z,2020-06-25,34678,239706,186725,296,614,34,18303,Italy,IT,60340328
2020-06-24T03:26:54.000Z,2020-06-24,34644,239410,186111,577,1526,0,18655,Italy,IT,60340328
2020-06-23T02:33:28.000Z,2020-06-23,34675,238833,184585,113,1159,18,19573,Italy,IT,60340328
2020-06-22T02:33:22.000Z,2020-06-22,34657,238720,183426,221,533,23,20637,Italy,IT,60340328
2020-06-21T02:33:20.000Z,2020-06-21,34634,238499,182893,224,440,24,20972,Italy,IT,60340328
2020-06-20T02:33:19.000Z,2020-06-20,34610,238275,182453,264,546,49,21212,Italy,IT,60340328
2020-06-19T02:33:19.000Z,2020-06-19,34561,238011,181907,0,1363,47,21543,Italy,IT,60340328
2020-06-18T02:33:17.000Z,2020-06-18,34514,238159,180544,331,1089,66,23101,Italy,IT,60340328
2020-06-17T02:33:18.000Z,2020-06-17,34448,237828,179455,328,929,43,23925,Italy,IT,60340328
2020-06-16T02:33:21.000Z,2020-06-16,34405,237500,178526,210,1516,34,24569,Italy,IT,60340328
2020-06-15T02:33:09.000Z,2020-06-15,34371,237290,177010,301,640,26,25909,Italy,IT,60340328
2020-06-14T01:33:14.000Z,2020-06-14,34345,236989,176370,338,1505,44,26274,Italy,IT,60340328
2020-06-13T01:33:15.000Z,2020-06-13,34301,236651,174865,346,1780,78,27485,Italy,IT,60340328
2020-06-12T01:33:14.000Z,2020-06-12,34223,236305,173085,163,1747,56,28997,Italy,IT,60340328
2020-06-11T03:09:52.000Z,2020-06-11,34167,236142,171338,379,1399,53,30637,Italy,IT,60340328
2020-06-10T01:33:41.000Z,2020-06-10,34114,235763,169939,202,1293,71,31710,Italy,IT,60340328
2020-06-09T02:07:00.000Z,2020-06-09,34043,235561,168646,283,2062,79,32872,Italy,IT,60340328
2020-06-08T01:33:03.000Z,2020-06-08,33964,235278,166584,280,747,65,34730,Italy,IT,60340328
2020-06-07T01:33:22.000Z,2020-06-07,33899,234998,165837,197,759,53,35262,Italy,IT,60340328
2020-06-06T01:53:30.000Z,2020-06-06,33846,234801,165078,270,1297,72,35877,Italy,IT,60340328
2020-06-05T00:33:00.000Z,2020-06-05,33774,234531,163781,518,1886,85,36976,Italy,IT,60340328
2020-06-04T00:33:06.000Z,2020-06-04,33689,234013,161895,177,957,88,38429,Italy,IT,60340328
2020-06-03T00:33:14.000Z,2020-06-03,33601,233836,160938,321,846,71,39297,Italy,IT,60340328
2020-06-02T00:33:13.000Z,2020-06-02,33530,233515,160092,318,1737,55,39893,Italy,IT,60340328
2020-06-01T00:33:08.000Z,2020-06-01,33475,233197,158355,200,848,60,41367,Italy,IT,60340328
2020-05-31T00:32:46.000Z,2020-05-31,33415,232997,157507,333,1874,75,42075,Italy,IT,60340328
2020-05-30T00:32:45.000Z,2020-05-30,33340,232664,155633,416,2789,111,43691,Italy,IT,60340328
2020-05-29T00:32:48.000Z,2020-05-29,33229,232248,152844,516,2240,87,46175,Italy,IT,60340328
2020-05-28T00:32:50.000Z,2020-05-28,33142,231732,150604,593,3503,70,47986,Italy,IT,60340328
2020-05-27T00:32:31.000Z,2020-05-27,33072,231139,147101,584,2443,117,50966,Italy,IT,60340328
2020-05-26T00:32:31.000Z,2020-05-26,32955,230555,144658,397,2677,78,52942,Italy,IT,60340328
2020-05-25T00:32:35.000Z,2020-05-25,32877,230158,141981,300,1502,92,55300,Italy,IT,60340328
2020-05-24T00:32:44.000Z,2020-05-24,32785,229858,140479,531,1639,50,56594,Italy,IT,60340328
2020-05-23T00:32:43.000Z,2020-05-23,32735,229327,138840,669,2120,119,57752,Italy,IT,60340328
2020-05-22T00:32:42.000Z,2020-05-22,32616,228658,136720,652,2160,130,59322,Italy,IT,60340328
2020-05-21T00:36:51.000Z,2020-05-21,32486,228006,134560,642,2278,156,60960,Italy,IT,60340328
2020-05-20T00:32:48.000Z,2020-05-20,32330,227364,132282,665,2881,161,62752,Italy,IT,60340328
2020-05-19T00:32:19.000Z,2020-05-19,32169,226699,129401,813,2075,162,65129,Italy,IT,60340328
2020-05-18T00:32:18.000Z,2020-05-18,32007,225886,127326,451,2150,99,66553,Italy,IT,60340328
2020-05-17T00:32:21.000Z,2020-05-17,31908,225435,125176,675,2366,145,68351,Italy,IT,60340328
2020-05-16T00:32:32.000Z,2020-05-16,31763,224760,122810,875,2605,153,70187,Italy,IT,60340328
2020-05-15T00:32:19.000Z,2020-05-15,31610,223885,120205,789,4917,242,72070,Italy,IT,60340328
2020-05-14T00:33:02.000Z,2020-05-14,31368,223096,115288,992,2747,262,76440,Italy,IT,60340328
2020-05-13T01:32:28.000Z,2020-05-13,31106,222104,112541,888,3502,195,78457,Italy,IT,60340328
2020-05-12T01:32:26.000Z,2020-05-12,30911,221216,109039,1402,2452,172,81266,Italy,IT,60340328
2020-05-11T01:32:27.000Z,2020-05-11,30739,219814,106587,744,1401,179,82488,Italy,IT,60340328
2020-05-10T00:32:30.000Z,2020-05-10,30560,219070,105186,802,2155,165,83324,Italy,IT,60340328
2020-05-09T00:32:30.000Z,2020-05-09,30395,218268,103031,1083,4008,194,84842,Italy,IT,60340328
2020-05-08T00:32:35.000Z,2020-05-08,30201,217185,99023,1327,2747,243,87961,Italy,IT,60340328
2020-05-07T00:32:32.000Z,2020-05-07,29958,215858,96276,1401,3031,274,89624,Italy,IT,60340328
2020-05-06T00:32:28.000Z,2020-05-06,29684,214457,93245,1444,8014,369,91528,Italy,IT,60340328
2020-05-05T00:32:31.000Z,2020-05-05,29315,213013,85231,1075,2352,236,98467,Italy,IT,60340328
2020-05-04T00:32:34.000Z,2020-05-04,29079,211938,82879,1221,1225,195,99980,Italy,IT,60340328
2020-05-03T00:32:28.000Z,2020-05-03,28884,210717,81654,1389,1740,174,100179,Italy,IT,60340328
2020-05-02T00:32:28.000Z,2020-05-02,28710,209328,79914,1900,1665,474,100704,Italy,IT,60340328
2020-05-01T00:32:27.000Z,2020-05-01,28236,207428,78249,1965,2304,269,100943,Italy,IT,60340328
2020-04-30T00:32:28.000Z,2020-04-30,27967,205463,75945,1872,4693,285,101551,Italy,IT,60340328
2020-04-29T00:32:27.000Z,2020-04-29,27682,203591,71252,2086,2311,323,104657,Italy,IT,60340328
2020-04-28T00:32:29.000Z,2020-04-28,27359,201505,68941,2091,2317,382,105205,Italy,IT,60340328
2020-04-27T00:30:32.000Z,2020-04-27,26977,199414,66624,1739,1696,333,105813,Italy,IT,60340328
2020-04-26T00:30:33.000Z,2020-04-26,26644,197675,64928,2324,1808,260,106103,Italy,IT,60340328
2020-04-25T00:30:31.000Z,2020-04-25,26384,195351,63120,2357,2622,415,105847,Italy,IT,60340328
2020-04-24T04:30:33.000Z,2020-04-24,25969,192994,60498,3021,2922,420,106527,Italy,IT,60340328
2020-04-23T01:30:31.000Z,2020-04-23,25549,189973,57576,2646,3033,464,106848,Italy,IT,60340328
2020-04-22T21:30:32.000Z,2020-04-22,25085,187327,54543,3370,2943,437,107699,Italy,IT,60340328
2020-04-21T21:30:30.000Z,2020-04-21,24648,183957,51600,2729,2723,534,107709,Italy,IT,60340328
2020-04-20T21:36:27.000Z,2020-04-20,24114,181228,48877,2256,1822,454,108237,Italy,IT,60340328
2020-04-19T21:40:41.000Z,2020-04-19,23660,178972,47055,3047,2128,433,108257,Italy,IT,60340328
2020-04-18T20:32:28.000Z,2020-04-18,23227,175925,44927,3491,2200,482,107771,Italy,IT,60340328
2020-04-17T21:30:32.000Z,2020-04-17,22745,172434,42727,3493,2563,575,106962,Italy,IT,60340328
2020-04-16T21:30:31.000Z,2020-04-16,22170,168941,40164,3786,2072,525,106607,Italy,IT,60340328
2020-04-15T20:56:32.000Z,2020-04-15,21645,165155,38092,2667,962,578,105418,Italy,IT,60340328
2020-04-14T21:33:12.000Z,2020-04-14,21067,162488,37130,2972,1695,602,104291,Italy,IT,60340328
2020-04-13T21:07:34.000Z,2020-04-13,20465,159516,35435,3153,1224,566,103616,Italy,IT,60340328
2020-04-12T21:17:56.000Z,2020-04-12,19899,156363,34211,4092,1677,431,102253,Italy,IT,60340328
2020-04-11T20:45:13.000Z,2020-04-11,19468,152271,32534,4694,2079,619,100269,Italy,IT,60340328
2020-04-10T20:53:48.000Z,2020-04-10,18849,147577,30455,3951,1985,570,98273,Italy,IT,60340328
2020-04-09T21:02:19.000Z,2020-04-09,18279,143626,28470,4204,1979,610,96877,Italy,IT,60340328
2020-04-08T20:51:39.000Z,2020-04-08,17669,139422,26491,3836,2099,542,95262,Italy,IT,60340328
2020-04-07T21:04:29.000Z,2020-04-07,17127,135586,24392,3039,1555,604,94067,Italy,IT,60340328
2020-04-06T21:21:55.000Z,2020-04-06,16523,132547,22837,3599,1022,636,93187,Italy,IT,60340328
2020-04-05T21:06:26.000Z,2020-04-05,15887,128948,21815,4316,819,525,91246,Italy,IT,60340328
2020-04-04T21:34:04.000Z,2020-04-04,15362,124632,20996,4805,1238,681,88274,Italy,IT,60340328
2020-04-03T20:46:20.000Z,2020-04-03,14681,119827,19758,4585,1480,766,85388,Italy,IT,60340328
2020-04-02T21:25:14.000Z,2020-04-02,13915,115242,18278,4668,1431,760,83049,Italy,IT,60340328
2020-04-01T19:58:34.000Z,2020-04-01,13155,110574,16847,4782,1118,727,80572,Italy,IT,60340328
2020-03-31T21:43:43.000Z,2020-03-31,12428,105792,15729,4053,1109,837,77635,Italy,IT,60340328
2020-03-30T20:52:33.000Z,2020-03-30,11591,101739,14620,4050,1590,812,75528,Italy,IT,60340328
2020-03-29T21:08:13.000Z,2020-03-29,10779,97689,13030,5217,646,756,73880,Italy,IT,60340328
2020-03-28T22:05:25.000Z,2020-03-28,10023,92472,12384,5974,1434,889,70065,Italy,IT,60340328
2020-03-27T22:23:03.000Z,2020-03-27,9134,86498,10950,5909,589,919,66414,Italy,IT,60340328
2020-03-26T22:48:18.000Z,2020-03-26,8215,80589,10361,6203,999,712,62013,Italy,IT,60340328
2020-03-25T22:33:04.000Z,2020-03-25,7503,74386,9362,5210,1036,683,57521,Italy,IT,60340328
2020-03-24T22:37:15.000Z,2020-03-24,6820,69176,8326,5249,894,743,54030,Italy,IT,60340328
2020-03-23T22:19:21.000Z,2020-03-23,6077,63927,7432,4789,408,601,50418,Italy,IT,60340328
2020-03-22T17:13:20.000Z,2020-03-22,5476,59138,7024,5560,952,651,46638,Italy,IT,60340328
2020-03-21T16:43:03.000Z,2020-03-21,4825,53578,6072,6557,1632,793,42681,Italy,IT,60340328
2020-03-20T16:43:03.000Z,2020-03-20,4032,47021,4440,5986,0,627,38549,Italy,IT,60340328
2020-03-19T16:43:03.000Z,2020-03-19,3405,41035,4440,5322,415,427,33190,Italy,IT,60340328
2020-03-18T16:33:05.000Z,2020-03-18,2978,35713,4025,4207,1084,475,28710,Italy,IT,60340328
2020-03-17T17:33:02.000Z,2020-03-17,2503,31506,2941,3526,192,345,26062,Italy,IT,60340328
2020-03-16T16:33:03.000Z,2020-03-16,2158,27980,2749,3233,414,349,23073,Italy,IT,60340328
2020-03-14T19:13:16.000Z,2020-03-14,1809,24747,2335,7087,896,543,20603,Italy,IT,60340328
2020-03-13T19:00:00.000Z,2020-03-13,1266,17660,1439,5198,394,439,14955,Italy,IT,60340328
2020-03-11T20:33:02.000Z,2020-03-11,827,12462,1045,2313,321,196,10590,Italy,IT,60340328
2020-03-10T16:53:02.000Z,2020-03-10,631,10149,724,977,0,168,8794,Italy,IT,60340328
2020-03-09T17:13:11.000Z,2020-03-09,463,9172,724,1797,102,97,7985,Italy,IT,60340328
2020-03-08T17:03:04.000Z,2020-03-08,366,7375,622,1492,33,133,6387,Italy,IT,60340328
2020-03-07T16:33:03.000Z,2020-03-07,233,5883,589,1247,66,36,5061,Italy,IT,60340328
2020-03-06T16:33:03.000Z,2020-03-06,197,4636,523,778,109,49,3916,Italy,IT,60340328
2020-03-05T16:43:03.000Z,2020-03-05,148,3858,414,769,138,41,3296,Italy,IT,60340328
2020-03-04T18:23:03.000Z,2020-03-04,107,3089,276,587,116,28,2706,Italy,IT,60340328
2020-03-03T19:03:06.000Z,2020-03-03,79,2502,160,466,11,27,2263,Italy,IT,60340328
2020-03-02T19:23:16.000Z,2020-03-02,52,2036,149,342,66,18,1835,Italy,IT,60340328
2020-03-01T22:23:02.000Z,2020-03-01,34,1694,83,566,37,5,1577,Italy,IT,60340328
2020-02-29T17:03:05.000Z,2020-02-29,29,1128,46,240,0,8,1053,Italy,IT,60340328
2020-02-28T19:13:09.000Z,2020-02-28,21,888,46,233,1,4,821,Italy,IT,60340328
2020-02-27T22:23:02.000Z,2020-02-27,17,655,45,202,42,5,593,Italy,IT,60340328
2020-02-26T22:43:03.000Z,2020-02-26,12,453,3,131,2,2,438,Italy,IT,60340328
2020-02-25T17:55:32.000Z,2020-02-25,10,322,1,93,0,3,311,Italy,IT,60340328
2020-02-24T22:43:01.000Z,2020-02-24,7,229,1,74,0,4,221,Italy,IT,60340328
2020-02-23T22:43:02.000Z,2020-02-23,3,155,2,93,1,1,150,Italy,IT,60340328
2020-02-22T22:43:02.000Z,2020-02-22,2,62,1,42,1,1,59,Italy,IT,60340328
2020-02-21T22:33:06.000Z,2020-02-21,1,20,0,17,0,1,19,Italy,IT,60340328
2020-02-07T16:53:02.000Z,2020-02-07,0,3,0,1,0,0,3,Italy,IT,60340328
2020-01-31T22:59:00.000Z,2020-01-31,0,2,0,0,0,0,2,Italy,IT,60340328
2020-01-31T07:15:00.000Z,2020-01-31,0,2,0,0,0,0,2,Italy,IT,60340328
2020-01-31T07:15:53.000Z,2020-01-31,0,2,0,0,0,0,2,Italy,IT,60340328
2020-01-31T07:15:00.000Z,2020-01-30,0,2,0,2,0,0,2,Italy,IT,60340328
